,posteam,side_of_field,yardline_100,game_seconds_remaining,drive,down,goal_to_go,yrdln,ydstogo,ydsnet,desc,play_type,yards_gained,shotgun,no_huddle,qb_dropback,qb_kneel,qb_spike,qb_scramble,pass_length,pass_location,air_yards,yards_after_catch,run_location,run_gap,field_goal_result,kick_distance,extra_point_result,two_point_conv_result,timeout,timeout_team,td_team,td_player_name,total_home_score,total_away_score,score_differential,score_differential_post,punt_blocked,first_down_rush,first_down_pass,first_down_penalty,third_down_converted,third_down_failed,fourth_down_converted,fourth_down_failed,incomplete_pass,touchback,interception,punt_inside_twenty,punt_in_endzone,punt_out_of_bounds,punt_downed,punt_fair_catch,kickoff_inside_twenty,kickoff_in_endzone,kickoff_out_of_bounds,kickoff_downed,kickoff_fair_catch,fumble_forced,fumble_not_forced,fumble_out_of_bounds,solo_tackle,safety,penalty,tackled_for_loss,fumble_lost,own_kickoff_recovery,own_kickoff_recovery_td,qb_hit,rush_attempt,pass_attempt,sack,touchdown,pass_touchdown,rush_touchdown,extra_point_attempt,two_point_attempt,field_goal_attempt,kickoff_attempt,punt_attempt,fumble,complete_pass,assist_tackle,lateral_reception,lateral_rush,lateral_return,lateral_recovery,passer_player_name,passing_yards,receiver_player_name,receiving_yards,rusher_player_name,rushing_yards,lateral_receiver_player_name,lateral_receiving_yards,lateral_rusher_player_name,lateral_rushing_yards,punter_player_name,kicker_player_name,tackle_with_assist,return_team,return_yards,penalty_team,penalty_yards,penalty_type,series_result,special_teams_play
0,GB,CIN,35.0,3600.0,1.0,,0,CIN 35,0.0,47.0,2-E.McPherson kicks 59 yards from CIN 35 to GB 6. 83-S.Williams ran ob at GB 34 for 28 yards (23-D.Hill).,kickoff,0.0,0.0,0.0,0.0,0.0,0.0,0.0,,,,,,,,59.0,,,0.0,,,,0.0,0.0,0.0,0.0,0.0,0.0,0.0,0.0,0.0,0.0,0.0,0.0,0.0,0.0,0.0,0.0,0.0,0.0,0.0,0.0,0.0,0.0,0.0,0.0,0.0,0.0,0.0,0.0,1.0,0.0,0.0,0.0,0.0,0.0,0.0,0.0,0.0,0.0,0.0,0.0,0.0,0.0,0.0,0.0,0.0,1.0,0.0,0.0,0.0,0.0,0.0,0.0,0.0,0.0,,,,,,,,,,,,E.McPherson,0.0,GB,28.0,,,,First down,1.0
1,GB,GB,66.0,3596.0,1.0,1.0,0,GB 34,10.0,47.0,(14:56) 10-J.Love pass deep middle to 87-R.Doubs to CIN 45 for 21 yards (55-L.Wilson).,pass,21.0,0.0,0.0,1.0,0.0,0.0,0.0,deep,middle,21.0,0.0,,,,,,,0.0,,,,0.0,0.0,0.0,0.0,0.0,0.0,1.0,0.0,0.0,0.0,0.0,0.0,0.0,0.0,0.0,0.0,0.0,0.0,0.0,0.0,0.0,0.0,0.0,0.0,0.0,0.0,0.0,0.0,1.0,0.0,0.0,0.0,0.0,0.0,0.0,0.0,0.0,1.0,0.0,0.0,0.0,0.0,0.0,0.0,0.0,0.0,0.0,0.0,1.0,0.0,0.0,0.0,0.0,0.0,J.Love,21.0,R.Doubs,21.0,,,,,,,,,0.0,,0.0,,,,First down,0.0
2,GB,CIN,45.0,3559.0,1.0,1.0,0,CIN 45,10.0,47.0,(14:19) 8-J.Jacobs left end to CIN 42 for 3 yards (49-B.Carter).,run,3.0,0.0,0.0,0.0,0.0,0.0,0.0,,,,,left,end,,,,,0.0,,,,0.0,0.0,0.0,0.0,0.0,0.0,0.0,0.0,0.0,0.0,0.0,0.0,0.0,0.0,0.0,0.0,0.0,0.0,0.0,0.0,0.0,0.0,0.0,0.0,0.0,0.0,0.0,0.0,1.0,0.0,0.0,0.0,0.0,0.0,0.0,0.0,1.0,0.0,0.0,0.0,0.0,0.0,0.0,0.0,0.0,0.0,0.0,0.0,0.0,0.0,0.0,0.0,0.0,0.0,,,,,J.Jacobs,3.0,,,,,,,0.0,,0.0,,,,First down,0.0
3,GB,CIN,42.0,3522.0,1.0,2.0,0,CIN 42,7.0,47.0,(13:42) 10-J.Love pass incomplete short left to 87-R.Doubs (20-D.Turner).,pass,0.0,0.0,0.0,1.0,0.0,0.0,0.0,short,left,9.0,,,,,,,,0.0,,,,0.0,0.0,0.0,0.0,0.0,0.0,0.0,0.0,0.0,0.0,0.0,0.0,1.0,0.0,0.0,0.0,0.0,0.0,0.0,0.0,0.0,0.0,0.0,0.0,0.0,0.0,0.0,0.0,0.0,0.0,0.0,0.0,0.0,0.0,0.0,0.0,0.0,1.0,0.0,0.0,0.0,0.0,0.0,0.0,0.0,0.0,0.0,0.0,0.0,0.0,0.0,0.0,0.0,0.0,J.Love,,R.Doubs,,,,,,,,,,0.0,,0.0,,,,First down,0.0
4,GB,CIN,42.0,3517.0,1.0,3.0,0,CIN 42,7.0,47.0,(13:37) (Shotgun) 10-J.Love scrambles right end to CIN 35 for 7 yards (90-K.Jenkins).,run,7.0,1.0,0.0,1.0,0.0,0.0,1.0,,,,,right,end,,,,,0.0,,,,0.0,0.0,0.0,0.0,0.0,1.0,0.0,0.0,1.0,0.0,0.0,0.0,0.0,0.0,0.0,0.0,0.0,0.0,0.0,0.0,0.0,0.0,0.0,0.0,0.0,0.0,0.0,0.0,1.0,0.0,0.0,0.0,0.0,0.0,0.0,0.0,1.0,0.0,0.0,0.0,0.0,0.0,0.0,0.0,0.0,0.0,0.0,0.0,0.0,0.0,0.0,0.0,0.0,0.0,,,,,J.Love,7.0,,,,,,,0.0,,0.0,,,,First down,0.0
5,GB,CIN,35.0,3474.0,1.0,1.0,0,CIN 35,10.0,47.0,(12:54) (Shotgun) 23-E.Wilson up the middle to CIN 32 for 3 yards (92-B.Hill).,run,3.0,1.0,0.0,0.0,0.0,0.0,0.0,,,,,middle,,,,,,0.0,,,,0.0,0.0,0.0,0.0,0.0,0.0,0.0,0.0,0.0,0.0,0.0,0.0,0.0,0.0,0.0,0.0,0.0,0.0,0.0,0.0,0.0,0.0,0.0,0.0,0.0,0.0,0.0,0.0,1.0,0.0,0.0,0.0,0.0,0.0,0.0,0.0,1.0,0.0,0.0,0.0,0.0,0.0,0.0,0.0,0.0,0.0,0.0,0.0,0.0,0.0,0.0,0.0,0.0,0.0,,,,,E.Wilson,3.0,,,,,,,0.0,,0.0,,,,First down,0.0
6,GB,CIN,32.0,3433.0,1.0,2.0,0,CIN 32,7.0,47.0,(12:13) 8-J.Jacobs up the middle to CIN 27 for 5 yards (44-D.Knight).,run,5.0,0.0,0.0,0.0,0.0,0.0,0.0,,,,,middle,,,,,,0.0,,,,0.0,0.0,0.0,0.0,0.0,0.0,0.0,0.0,0.0,0.0,0.0,0.0,0.0,0.0,0.0,0.0,0.0,0.0,0.0,0.0,0.0,0.0,0.0,0.0,0.0,0.0,0.0,0.0,1.0,0.0,0.0,0.0,0.0,0.0,0.0,0.0,1.0,0.0,0.0,0.0,0.0,0.0,0.0,0.0,0.0,0.0,0.0,0.0,0.0,0.0,0.0,0.0,0.0,0.0,,,,,J.Jacobs,5.0,,,,,,,0.0,,0.0,,,,First down,0.0
7,GB,CIN,27.0,3395.0,1.0,3.0,0,CIN 27,2.0,47.0,(11:35) (Shotgun) 8-J.Jacobs up the middle to CIN 26 for 1 yard (99-M.Murphy).,run,1.0,1.0,0.0,0.0,0.0,0.0,0.0,,,,,middle,,,,,,0.0,,,,0.0,0.0,0.0,0.0,0.0,0.0,0.0,0.0,0.0,1.0,0.0,0.0,0.0,0.0,0.0,0.0,0.0,0.0,0.0,0.0,0.0,0.0,0.0,0.0,0.0,0.0,0.0,0.0,1.0,0.0,0.0,0.0,0.0,0.0,0.0,0.0,1.0,0.0,0.0,0.0,0.0,0.0,0.0,0.0,0.0,0.0,0.0,0.0,0.0,0.0,0.0,0.0,0.0,0.0,,,,,J.Jacobs,1.0,,,,,,,0.0,,0.0,,,,First down,0.0
8,GB,CIN,26.0,3351.0,1.0,4.0,0,CIN 26,1.0,47.0,(10:51) 10-J.Love up the middle to CIN 24 for 2 yards (58-J.Ossai; 49-B.Carter).,run,2.0,0.0,0.0,0.0,0.0,0.0,0.0,,,,,middle,,,,,,0.0,,,,0.0,0.0,0.0,0.0,0.0,1.0,0.0,0.0,0.0,0.0,1.0,0.0,0.0,0.0,0.0,0.0,0.0,0.0,0.0,0.0,0.0,0.0,0.0,0.0,0.0,0.0,0.0,0.0,0.0,0.0,0.0,0.0,0.0,0.0,0.0,0.0,1.0,0.0,0.0,0.0,0.0,0.0,0.0,0.0,0.0,0.0,0.0,0.0,0.0,1.0,0.0,0.0,0.0,0.0,,,,,J.Love,2.0,,,,,,,0.0,,0.0,,,,First down,0.0
9,GB,CIN,24.0,3310.0,1.0,1.0,0,CIN 24,10.0,47.0,(10:10) (Shotgun) 10-J.Love scrambles right end pushed ob at CIN 17 for 7 yards (23-D.Hill).,run,7.0,1.0,0.0,1.0,0.0,0.0,1.0,,,,,right,end,,,,,0.0,,,,0.0,0.0,0.0,0.0,0.0,0.0,0.0,0.0,0.0,0.0,0.0,0.0,0.0,0.0,0.0,0.0,0.0,0.0,0.0,0.0,0.0,0.0,0.0,0.0,0.0,0.0,0.0,0.0,1.0,0.0,0.0,0.0,0.0,0.0,0.0,0.0,1.0,0.0,0.0,0.0,0.0,0.0,0.0,0.0,0.0,0.0,0.0,0.0,0.0,0.0,0.0,0.0,0.0,0.0,,,,,J.Love,7.0,,,,,,,0.0,,0.0,,,,Turnover,0.0
10,GB,CIN,17.0,3271.0,1.0,2.0,0,CIN 17,3.0,47.0,(9:31) 8-J.Jacobs right end to CIN 19 for -2 yards (58-J.Ossai).,run,-2.0,0.0,0.0,0.0,0.0,0.0,0.0,,,,,right,end,,,,,0.0,,,,0.0,0.0,0.0,0.0,0.0,0.0,0.0,0.0,0.0,0.0,0.0,0.0,0.0,0.0,0.0,0.0,0.0,0.0,0.0,0.0,0.0,0.0,0.0,0.0,0.0,0.0,0.0,0.0,1.0,0.0,0.0,1.0,0.0,0.0,0.0,0.0,1.0,0.0,0.0,0.0,0.0,0.0,0.0,0.0,0.0,0.0,0.0,0.0,0.0,0.0,0.0,0.0,0.0,0.0,,,,,J.Jacobs,-2.0,,,,,,,0.0,,0.0,,,,Turnover,0.0
11,GB,CIN,19.0,3231.0,1.0,3.0,0,CIN 19,5.0,47.0,(8:51) (Shotgun) 10-J.Love pass short right intended for 87-R.Doubs INTERCEPTED by 22-G.Stone (20-D.Turner) [44-D.Knight] at CIN 11. 22-G.Stone ran ob at CIN 36 for 25 yards (10-J.Love).,pass,0.0,1.0,0.0,1.0,0.0,0.0,0.0,short,right,8.0,,,,,,,,0.0,,,,0.0,0.0,0.0,0.0,0.0,0.0,0.0,0.0,0.0,1.0,0.0,0.0,0.0,0.0,1.0,0.0,0.0,0.0,0.0,0.0,0.0,0.0,0.0,0.0,0.0,0.0,0.0,0.0,1.0,0.0,0.0,0.0,0.0,0.0,0.0,1.0,0.0,1.0,0.0,0.0,0.0,0.0,0.0,0.0,0.0,0.0,0.0,0.0,0.0,0.0,0.0,0.0,0.0,0.0,J.Love,,R.Doubs,,,,,,,,,,0.0,CIN,25.0,,,,Turnover,0.0
12,CIN,CIN,64.0,3219.0,2.0,1.0,0,CIN 36,10.0,1.0,(8:39) 1-J.Chase right end to CIN 33 for -3 yards (20-J.Bullard).,run,-3.0,0.0,0.0,0.0,0.0,0.0,0.0,,,,,right,end,,,,,0.0,,,,0.0,0.0,0.0,0.0,0.0,0.0,0.0,0.0,0.0,0.0,0.0,0.0,0.0,0.0,0.0,0.0,0.0,0.0,0.0,0.0,0.0,0.0,0.0,0.0,0.0,0.0,0.0,0.0,1.0,0.0,0.0,1.0,0.0,0.0,0.0,0.0,1.0,0.0,0.0,0.0,0.0,0.0,0.0,0.0,0.0,0.0,0.0,0.0,0.0,0.0,0.0,0.0,0.0,0.0,,,,,J.Chase,-3.0,,,,,,,0.0,,0.0,,,,Punt,0.0
13,CIN,CIN,67.0,3183.0,2.0,2.0,0,CIN 33,13.0,1.0,(8:03) (Shotgun) 34-S.Perine right tackle to CIN 33 for no gain (1-M.Parsons; 52-R.Gary).,run,0.0,1.0,0.0,0.0,0.0,0.0,0.0,,,,,right,tackle,,,,,0.0,,,,0.0,0.0,0.0,0.0,0.0,0.0,0.0,0.0,0.0,0.0,0.0,0.0,0.0,0.0,0.0,0.0,0.0,0.0,0.0,0.0,0.0,0.0,0.0,0.0,0.0,0.0,0.0,0.0,0.0,0.0,0.0,0.0,0.0,0.0,0.0,0.0,1.0,0.0,0.0,0.0,0.0,0.0,0.0,0.0,0.0,0.0,0.0,0.0,0.0,1.0,0.0,0.0,0.0,0.0,,,,,S.Perine,0.0,,,,,,,0.0,,0.0,,,,Punt,0.0
14,CIN,CIN,67.0,3142.0,2.0,3.0,0,CIN 33,13.0,1.0,(7:22) (Shotgun) 16-J.Flacco pass short right to 1-J.Chase to CIN 37 for 4 yards (25-K.Nixon; 33-E.Williams).,pass,4.0,1.0,0.0,1.0,0.0,0.0,0.0,short,right,4.0,0.0,,,,,,,0.0,,,,0.0,0.0,0.0,0.0,0.0,0.0,0.0,0.0,0.0,1.0,0.0,0.0,0.0,0.0,0.0,0.0,0.0,0.0,0.0,0.0,0.0,0.0,0.0,0.0,0.0,0.0,0.0,0.0,0.0,0.0,0.0,0.0,0.0,0.0,0.0,0.0,0.0,1.0,0.0,0.0,0.0,0.0,0.0,0.0,0.0,0.0,0.0,0.0,1.0,1.0,0.0,0.0,0.0,0.0,J.Flacco,4.0,J.Chase,4.0,,,,,,,,,0.0,,0.0,,,,Punt,0.0
15,CIN,CIN,63.0,3106.0,2.0,4.0,0,CIN 37,9.0,1.0,"(6:46) 8-R.Rehkow punts 55 yards to GB 8, Center-46-W.Wagner, fair catch by 0-M.Golden. PENALTY on GB-16-B.Melton, Offensive Holding, 4 yards, enforced at GB 8.",punt,0.0,0.0,0.0,0.0,0.0,0.0,0.0,,,,,,,,55.0,,,0.0,,,,0.0,0.0,0.0,0.0,0.0,0.0,0.0,0.0,0.0,0.0,0.0,0.0,0.0,0.0,0.0,1.0,0.0,0.0,0.0,1.0,0.0,0.0,0.0,0.0,0.0,0.0,0.0,0.0,0.0,0.0,1.0,0.0,0.0,0.0,0.0,0.0,0.0,0.0,0.0,0.0,0.0,0.0,0.0,0.0,0.0,0.0,1.0,0.0,0.0,0.0,0.0,0.0,0.0,0.0,,,,,,,,,,,R.Rehkow,,0.0,GB,0.0,GB,4.0,Offensive Holding,Punt,1.0
16,GB,GB,96.0,3099.0,3.0,1.0,0,GB 4,10.0,71.0,(6:39) (Shotgun) 10-J.Love pass short left to 13-D.Wicks to GB 13 for 9 yards (49-B.Carter).,pass,9.0,1.0,0.0,1.0,0.0,0.0,0.0,short,left,6.0,3.0,,,,,,,0.0,,,,0.0,0.0,0.0,0.0,0.0,0.0,0.0,0.0,0.0,0.0,0.0,0.0,0.0,0.0,0.0,0.0,0.0,0.0,0.0,0.0,0.0,0.0,0.0,0.0,0.0,0.0,0.0,0.0,1.0,0.0,0.0,0.0,0.0,0.0,0.0,0.0,0.0,1.0,0.0,0.0,0.0,0.0,0.0,0.0,0.0,0.0,0.0,0.0,1.0,0.0,0.0,0.0,0.0,0.0,J.Love,9.0,D.Wicks,9.0,,,,,,,,,0.0,,0.0,,,,First down,0.0
17,GB,GB,87.0,3060.0,3.0,2.0,0,GB 13,1.0,71.0,(6:00) (Shotgun) 8-J.Jacobs up the middle to GB 20 for 7 yards (27-J.Battle).,run,7.0,1.0,0.0,0.0,0.0,0.0,0.0,,,,,middle,,,,,,0.0,,,,0.0,0.0,0.0,0.0,0.0,1.0,0.0,0.0,0.0,0.0,0.0,0.0,0.0,0.0,0.0,0.0,0.0,0.0,0.0,0.0,0.0,0.0,0.0,0.0,0.0,0.0,0.0,0.0,1.0,0.0,0.0,0.0,0.0,0.0,0.0,0.0,1.0,0.0,0.0,0.0,0.0,0.0,0.0,0.0,0.0,0.0,0.0,0.0,0.0,0.0,0.0,0.0,0.0,0.0,,,,,J.Jacobs,7.0,,,,,,,0.0,,0.0,,,,First down,0.0
18,GB,GB,80.0,3022.0,3.0,1.0,0,GB 20,10.0,71.0,(5:22) 10-J.Love pass short left to 8-J.Jacobs to GB 27 for 7 yards (55-L.Wilson; 49-B.Carter).,pass,7.0,0.0,0.0,1.0,0.0,0.0,0.0,short,left,1.0,6.0,,,,,,,0.0,,,,0.0,0.0,0.0,0.0,0.0,0.0,0.0,0.0,0.0,0.0,0.0,0.0,0.0,0.0,0.0,0.0,0.0,0.0,0.0,0.0,0.0,0.0,0.0,0.0,0.0,0.0,0.0,0.0,0.0,0.0,0.0,0.0,0.0,0.0,0.0,0.0,0.0,1.0,0.0,0.0,0.0,0.0,0.0,0.0,0.0,0.0,0.0,0.0,1.0,1.0,0.0,0.0,0.0,0.0,J.Love,7.0,J.Jacobs,7.0,,,,,,,,,0.0,,0.0,,,,First down,0.0
19,GB,GB,73.0,2983.0,3.0,2.0,0,GB 27,3.0,71.0,(4:43) (Shotgun) 0-M.Golden right end pushed ob at GB 35 for 8 yards (29-C.Taylor-Britt).,run,8.0,1.0,0.0,0.0,0.0,0.0,0.0,,,,,right,end,,,,,0.0,,,,0.0,0.0,0.0,0.0,0.0,1.0,0.0,0.0,0.0,0.0,0.0,0.0,0.0,0.0,0.0,0.0,0.0,0.0,0.0,0.0,0.0,0.0,0.0,0.0,0.0,0.0,0.0,0.0,1.0,0.0,0.0,0.0,0.0,0.0,0.0,0.0,1.0,0.0,0.0,0.0,0.0,0.0,0.0,0.0,0.0,0.0,0.0,0.0,0.0,0.0,0.0,0.0,0.0,0.0,,,,,M.Golden,8.0,,,,,,,0.0,,0.0,,,,First down,0.0
20,GB,GB,65.0,2939.0,3.0,1.0,0,GB 35,10.0,71.0,(3:59) (Shotgun) 30-C.Brooks right tackle to GB 36 for 1 yard (91-T.Hendrickson; 58-J.Ossai).,run,1.0,1.0,0.0,0.0,0.0,0.0,0.0,,,,,right,tackle,,,,,0.0,,,,0.0,0.0,0.0,0.0,0.0,0.0,0.0,0.0,0.0,0.0,0.0,0.0,0.0,0.0,0.0,0.0,0.0,0.0,0.0,0.0,0.0,0.0,0.0,0.0,0.0,0.0,0.0,0.0,0.0,0.0,0.0,0.0,0.0,0.0,0.0,0.0,1.0,0.0,0.0,0.0,0.0,0.0,0.0,0.0,0.0,0.0,0.0,0.0,0.0,1.0,0.0,0.0,0.0,0.0,,,,,C.Brooks,1.0,,,,,,,0.0,,0.0,,,,First down,0.0
21,GB,GB,64.0,2895.0,3.0,2.0,0,GB 36,9.0,71.0,(3:15) (Shotgun) 10-J.Love pass short right to 0-M.Golden to CIN 44 for 20 yards (23-D.Hill).,pass,20.0,1.0,0.0,1.0,0.0,0.0,0.0,short,right,5.0,15.0,,,,,,,0.0,,,,0.0,0.0,0.0,0.0,0.0,0.0,1.0,0.0,0.0,0.0,0.0,0.0,0.0,0.0,0.0,0.0,0.0,0.0,0.0,0.0,0.0,0.0,0.0,0.0,0.0,0.0,0.0,0.0,1.0,0.0,0.0,0.0,0.0,0.0,0.0,0.0,0.0,1.0,0.0,0.0,0.0,0.0,0.0,0.0,0.0,0.0,0.0,0.0,1.0,0.0,0.0,0.0,0.0,0.0,J.Love,20.0,M.Golden,20.0,,,,,,,,,0.0,,0.0,,,,First down,0.0
22,GB,CIN,44.0,2852.0,3.0,1.0,0,CIN 44,10.0,71.0,(2:32) (Shotgun) 10-J.Love pass short right to 8-J.Jacobs ran ob at CIN 37 for 7 yards (20-D.Turner).,pass,7.0,1.0,0.0,1.0,0.0,0.0,0.0,short,right,-5.0,12.0,,,,,,,0.0,,,,0.0,0.0,0.0,0.0,0.0,0.0,0.0,0.0,0.0,0.0,0.0,0.0,0.0,0.0,0.0,0.0,0.0,0.0,0.0,0.0,0.0,0.0,0.0,0.0,0.0,0.0,0.0,0.0,1.0,0.0,0.0,0.0,0.0,0.0,0.0,0.0,0.0,1.0,0.0,0.0,0.0,0.0,0.0,0.0,0.0,0.0,0.0,0.0,1.0,0.0,0.0,0.0,0.0,0.0,J.Love,7.0,J.Jacobs,7.0,,,,,,,,,0.0,,0.0,,,,First down,0.0
23,GB,CIN,37.0,2809.0,3.0,2.0,0,CIN 37,3.0,71.0,(1:49) 0-M.Golden left end ran ob at CIN 29 for 8 yards (23-D.Hill).,run,8.0,0.0,0.0,0.0,0.0,0.0,0.0,,,,,left,end,,,,,0.0,,,,0.0,0.0,0.0,0.0,0.0,1.0,0.0,0.0,0.0,0.0,0.0,0.0,0.0,0.0,0.0,0.0,0.0,0.0,0.0,0.0,0.0,0.0,0.0,0.0,0.0,0.0,0.0,0.0,1.0,0.0,0.0,0.0,0.0,0.0,0.0,0.0,1.0,0.0,0.0,0.0,0.0,0.0,0.0,0.0,0.0,0.0,0.0,0.0,0.0,0.0,0.0,0.0,0.0,0.0,,,,,M.Golden,8.0,,,,,,,0.0,,0.0,,,,First down,0.0
24,GB,CIN,29.0,2766.0,3.0,1.0,0,CIN 29,10.0,71.0,(1:06) (Shotgun) 83-S.Williams right end to CIN 26 for 3 yards (49-B.Carter).,run,3.0,1.0,0.0,0.0,0.0,0.0,0.0,,,,,right,end,,,,,0.0,,,,0.0,0.0,0.0,0.0,0.0,0.0,0.0,0.0,0.0,0.0,0.0,0.0,0.0,0.0,0.0,0.0,0.0,0.0,0.0,0.0,0.0,0.0,0.0,0.0,0.0,0.0,0.0,0.0,1.0,0.0,0.0,0.0,0.0,0.0,0.0,0.0,1.0,0.0,0.0,0.0,0.0,0.0,0.0,0.0,0.0,0.0,0.0,0.0,0.0,0.0,0.0,0.0,0.0,0.0,,,,,S.Williams,3.0,,,,,,,0.0,,0.0,,,,Field goal,0.0
25,GB,CIN,26.0,2721.0,3.0,2.0,0,CIN 26,7.0,71.0,(:21) 10-J.Love pass short left to 87-R.Doubs to CIN 27 for -1 yards (20-D.Turner).,pass,-1.0,0.0,0.0,1.0,0.0,0.0,0.0,short,left,-1.0,0.0,,,,,,,0.0,,,,0.0,0.0,0.0,0.0,0.0,0.0,0.0,0.0,0.0,0.0,0.0,0.0,0.0,0.0,0.0,0.0,0.0,0.0,0.0,0.0,0.0,0.0,0.0,0.0,0.0,0.0,0.0,0.0,1.0,0.0,0.0,0.0,0.0,0.0,0.0,0.0,0.0,1.0,0.0,0.0,0.0,0.0,0.0,0.0,0.0,0.0,0.0,0.0,1.0,0.0,0.0,0.0,0.0,0.0,J.Love,-1.0,R.Doubs,-1.0,,,,,,,,,0.0,,0.0,,,,Field goal,0.0
26,GB,,,2700.0,3.0,,0,CIN 27,0.0,71.0,END QUARTER 1,,,0.0,0.0,,0.0,0.0,0.0,,,,,,,,,,,,,,,0.0,0.0,0.0,0.0,,,,,,,,,,0.0,,,,,,,,,,,,,,,,,,,,,,,,,,,,,,,,,,,,,,,,,,,,,,,,,,,,,,,,,,,Field goal,0.0
27,GB,CIN,27.0,2700.0,3.0,3.0,0,CIN 27,8.0,71.0,(15:00) (Shotgun) 10-J.Love scrambles right end to CIN 25 for 2 yards (49-B.Carter).,run,2.0,1.0,0.0,1.0,0.0,0.0,1.0,,,,,right,end,,,,,0.0,,,,0.0,0.0,0.0,0.0,0.0,0.0,0.0,0.0,0.0,1.0,0.0,0.0,0.0,0.0,0.0,0.0,0.0,0.0,0.0,0.0,0.0,0.0,0.0,0.0,0.0,0.0,0.0,0.0,1.0,0.0,0.0,0.0,0.0,0.0,0.0,0.0,1.0,0.0,0.0,0.0,0.0,0.0,0.0,0.0,0.0,0.0,0.0,0.0,0.0,0.0,0.0,0.0,0.0,0.0,,,,,J.Love,2.0,,,,,,,0.0,,0.0,,,,Field goal,0.0
28,GB,CIN,25.0,2660.0,3.0,4.0,0,CIN 25,6.0,71.0,"(14:20) 35-L.Havrisik 43 yard field goal is GOOD, Center-42-M.Orzech, Holder-19-D.Whelan.",field_goal,0.0,0.0,0.0,0.0,0.0,0.0,0.0,,,,,,,made,43.0,,,0.0,,,,3.0,0.0,0.0,3.0,0.0,0.0,0.0,0.0,0.0,0.0,0.0,0.0,0.0,0.0,0.0,0.0,0.0,0.0,0.0,0.0,0.0,0.0,0.0,0.0,0.0,0.0,0.0,0.0,0.0,0.0,0.0,0.0,0.0,0.0,0.0,0.0,0.0,0.0,0.0,0.0,0.0,0.0,0.0,0.0,1.0,0.0,0.0,0.0,0.0,0.0,0.0,0.0,0.0,0.0,,,,,,,,,,,,L.Havrisik,0.0,,0.0,,,,Field goal,0.0
29,CIN,GB,35.0,2655.0,4.0,,0,GB 35,0.0,17.0,35-L.Havrisik kicks 61 yards from GB 35 to CIN 4. 15-C.Jones pushed ob at CIN 28 for 24 yards (29-X.McKinney).,kickoff,0.0,0.0,0.0,0.0,0.0,0.0,0.0,,,,,,,,61.0,,,0.0,,,,3.0,0.0,-3.0,-3.0,0.0,0.0,0.0,0.0,0.0,0.0,0.0,0.0,0.0,0.0,0.0,0.0,0.0,0.0,0.0,0.0,0.0,0.0,0.0,0.0,0.0,0.0,0.0,0.0,1.0,0.0,0.0,0.0,0.0,0.0,0.0,0.0,0.0,0.0,0.0,0.0,0.0,0.0,0.0,0.0,0.0,1.0,0.0,0.0,0.0,0.0,0.0,0.0,0.0,0.0,,,,,,,,,,,,L.Havrisik,0.0,CIN,24.0,,,,First down,1.0
30,CIN,CIN,72.0,2649.0,4.0,1.0,0,CIN 28,10.0,17.0,(14:09) 30-C.Brown left guard to CIN 31 for 3 yards (96-C.Wooden).,run,3.0,0.0,0.0,0.0,0.0,0.0,0.0,,,,,left,guard,,,,,0.0,,,,3.0,0.0,-3.0,-3.0,0.0,0.0,0.0,0.0,0.0,0.0,0.0,0.0,0.0,0.0,0.0,0.0,0.0,0.0,0.0,0.0,0.0,0.0,0.0,0.0,0.0,0.0,0.0,0.0,1.0,0.0,0.0,0.0,0.0,0.0,0.0,0.0,1.0,0.0,0.0,0.0,0.0,0.0,0.0,0.0,0.0,0.0,0.0,0.0,0.0,0.0,0.0,0.0,0.0,0.0,,,,,C.Brown,3.0,,,,,,,0.0,,0.0,,,,First down,0.0
31,CIN,CIN,69.0,2607.0,4.0,2.0,0,CIN 31,7.0,17.0,(13:27) (Shotgun) 16-J.Flacco pass short right to 5-T.Higgins to CIN 45 for 14 yards (7-Q.Walker).,pass,14.0,1.0,0.0,1.0,0.0,0.0,0.0,short,right,4.0,10.0,,,,,,,0.0,,,,3.0,0.0,-3.0,-3.0,0.0,0.0,1.0,0.0,0.0,0.0,0.0,0.0,0.0,0.0,0.0,0.0,0.0,0.0,0.0,0.0,0.0,0.0,0.0,0.0,0.0,0.0,0.0,0.0,1.0,0.0,0.0,0.0,0.0,0.0,0.0,0.0,0.0,1.0,0.0,0.0,0.0,0.0,0.0,0.0,0.0,0.0,0.0,0.0,1.0,0.0,0.0,0.0,0.0,0.0,J.Flacco,14.0,T.Higgins,14.0,,,,,,,,,0.0,,0.0,,,,First down,0.0
32,CIN,CIN,55.0,2568.0,4.0,1.0,0,CIN 45,10.0,17.0,(12:48) 16-J.Flacco pass incomplete short right.,pass,0.0,0.0,0.0,1.0,0.0,0.0,0.0,short,right,-6.0,,,,,,,,0.0,,,,3.0,0.0,-3.0,-3.0,0.0,0.0,0.0,0.0,0.0,0.0,0.0,0.0,1.0,0.0,0.0,0.0,0.0,0.0,0.0,0.0,0.0,0.0,0.0,0.0,0.0,0.0,0.0,0.0,0.0,0.0,0.0,0.0,0.0,0.0,0.0,0.0,0.0,1.0,0.0,0.0,0.0,0.0,0.0,0.0,0.0,0.0,0.0,0.0,0.0,0.0,0.0,0.0,0.0,0.0,J.Flacco,,,,,,,,,,,,0.0,,0.0,,,,Punt,0.0
33,CIN,CIN,55.0,2564.0,4.0,2.0,0,CIN 45,10.0,17.0,(12:44) (Shotgun) 16-J.Flacco pass incomplete short right to 87-T.Hudson.,pass,0.0,1.0,0.0,1.0,0.0,0.0,0.0,short,right,4.0,,,,,,,,0.0,,,,3.0,0.0,-3.0,-3.0,0.0,0.0,0.0,0.0,0.0,0.0,0.0,0.0,1.0,0.0,0.0,0.0,0.0,0.0,0.0,0.0,0.0,0.0,0.0,0.0,0.0,0.0,0.0,0.0,0.0,0.0,0.0,0.0,0.0,0.0,0.0,0.0,0.0,1.0,0.0,0.0,0.0,0.0,0.0,0.0,0.0,0.0,0.0,0.0,0.0,0.0,0.0,0.0,0.0,0.0,J.Flacco,,T.Hudson,,,,,,,,,,0.0,,0.0,,,,Punt,0.0
34,CIN,CIN,55.0,2560.0,4.0,3.0,0,CIN 45,10.0,17.0,(12:40) (Shotgun) 16-J.Flacco pass incomplete short middle to 34-S.Perine [52-R.Gary].,pass,0.0,1.0,0.0,1.0,0.0,0.0,0.0,short,middle,0.0,,,,,,,,0.0,,,,3.0,0.0,-3.0,-3.0,0.0,0.0,0.0,0.0,0.0,1.0,0.0,0.0,1.0,0.0,0.0,0.0,0.0,0.0,0.0,0.0,0.0,0.0,0.0,0.0,0.0,0.0,0.0,0.0,0.0,0.0,0.0,0.0,0.0,0.0,0.0,1.0,0.0,1.0,0.0,0.0,0.0,0.0,0.0,0.0,0.0,0.0,0.0,0.0,0.0,0.0,0.0,0.0,0.0,0.0,J.Flacco,,S.Perine,,,,,,,,,,0.0,,0.0,,,,Punt,0.0
35,CIN,CIN,55.0,2556.0,4.0,4.0,0,CIN 45,10.0,17.0,"(12:36) 8-R.Rehkow punts 44 yards to GB 11, Center-46-W.Wagner. 87-R.Doubs to GB 16 for 5 yards (42-O.Burks).",punt,0.0,0.0,0.0,0.0,0.0,0.0,0.0,,,,,,,,44.0,,,0.0,,,,3.0,0.0,-3.0,-3.0,0.0,0.0,0.0,0.0,0.0,0.0,0.0,0.0,0.0,0.0,0.0,1.0,0.0,0.0,0.0,0.0,0.0,0.0,0.0,0.0,0.0,0.0,0.0,0.0,1.0,0.0,0.0,0.0,0.0,0.0,0.0,0.0,0.0,0.0,0.0,0.0,0.0,0.0,0.0,0.0,0.0,0.0,1.0,0.0,0.0,0.0,0.0,0.0,0.0,0.0,,,,,,,,,,,R.Rehkow,,0.0,GB,5.0,,,,Punt,1.0
36,GB,GB,84.0,2546.0,5.0,1.0,0,GB 16,10.0,4.0,(12:26) (Shotgun) 23-E.Wilson right guard to GB 18 for 2 yards (90-K.Jenkins).,run,2.0,1.0,0.0,0.0,0.0,0.0,0.0,,,,,right,guard,,,,,0.0,,,,3.0,0.0,3.0,3.0,0.0,0.0,0.0,0.0,0.0,0.0,0.0,0.0,0.0,0.0,0.0,0.0,0.0,0.0,0.0,0.0,0.0,0.0,0.0,0.0,0.0,0.0,0.0,0.0,1.0,0.0,0.0,0.0,0.0,0.0,0.0,0.0,1.0,0.0,0.0,0.0,0.0,0.0,0.0,0.0,0.0,0.0,0.0,0.0,0.0,0.0,0.0,0.0,0.0,0.0,,,,,E.Wilson,2.0,,,,,,,0.0,,0.0,,,,Punt,0.0
37,GB,GB,82.0,2506.0,5.0,2.0,0,GB 18,8.0,4.0,(11:46) 23-E.Wilson left end to GB 24 for 6 yards (55-L.Wilson; 44-D.Knight).,run,6.0,0.0,0.0,0.0,0.0,0.0,0.0,,,,,left,end,,,,,0.0,,,,3.0,0.0,3.0,3.0,0.0,0.0,0.0,0.0,0.0,0.0,0.0,0.0,0.0,0.0,0.0,0.0,0.0,0.0,0.0,0.0,0.0,0.0,0.0,0.0,0.0,0.0,0.0,0.0,0.0,0.0,0.0,0.0,0.0,0.0,0.0,0.0,1.0,0.0,0.0,0.0,0.0,0.0,0.0,0.0,0.0,0.0,0.0,0.0,0.0,1.0,0.0,0.0,0.0,0.0,,,,,E.Wilson,6.0,,,,,,,0.0,,0.0,,,,Punt,0.0
38,GB,GB,76.0,2457.0,5.0,3.0,0,GB 24,2.0,4.0,(10:57) (Shotgun) 10-J.Love pass short right to 23-E.Wilson pushed ob at GB 20 for -4 yards (29-C.Taylor-Britt).,pass,-4.0,1.0,0.0,1.0,0.0,0.0,0.0,short,right,-5.0,1.0,,,,,,,0.0,,,,3.0,0.0,3.0,3.0,0.0,0.0,0.0,0.0,0.0,1.0,0.0,0.0,0.0,0.0,0.0,0.0,0.0,0.0,0.0,0.0,0.0,0.0,0.0,0.0,0.0,0.0,0.0,0.0,1.0,0.0,0.0,0.0,0.0,0.0,0.0,0.0,0.0,1.0,0.0,0.0,0.0,0.0,0.0,0.0,0.0,0.0,0.0,0.0,1.0,0.0,0.0,0.0,0.0,0.0,J.Love,-4.0,E.Wilson,-4.0,,,,,,,,,0.0,,0.0,,,,Punt,0.0
39,GB,GB,80.0,2428.0,5.0,4.0,0,GB 20,6.0,4.0,"(10:28) 19-D.Whelan punts 56 yards to CIN 24, Center-42-M.Orzech. 15-C.Jones to CIN 37 for 13 yards (33-E.Williams; 16-B.Melton).",punt,0.0,0.0,0.0,0.0,0.0,0.0,0.0,,,,,,,,56.0,,,0.0,,,,3.0,0.0,3.0,3.0,0.0,0.0,0.0,0.0,0.0,0.0,0.0,0.0,0.0,0.0,0.0,0.0,0.0,0.0,0.0,0.0,0.0,0.0,0.0,0.0,0.0,0.0,0.0,0.0,0.0,0.0,0.0,0.0,0.0,0.0,0.0,0.0,0.0,0.0,0.0,0.0,0.0,0.0,0.0,0.0,0.0,0.0,1.0,0.0,0.0,1.0,0.0,0.0,0.0,0.0,,,,,,,,,,,D.Whelan,,0.0,CIN,13.0,,,,Punt,1.0
40,CIN,CIN,63.0,2418.0,6.0,1.0,0,CIN 37,10.0,5.0,(10:18) 30-C.Brown up the middle to CIN 42 for 5 yards (7-Q.Walker).,run,5.0,0.0,0.0,0.0,0.0,0.0,0.0,,,,,middle,,,,,,0.0,,,,3.0,0.0,-3.0,-3.0,0.0,0.0,0.0,0.0,0.0,0.0,0.0,0.0,0.0,0.0,0.0,0.0,0.0,0.0,0.0,0.0,0.0,0.0,0.0,0.0,0.0,0.0,0.0,0.0,1.0,0.0,0.0,0.0,0.0,0.0,0.0,0.0,1.0,0.0,0.0,0.0,0.0,0.0,0.0,0.0,0.0,0.0,0.0,0.0,0.0,0.0,0.0,0.0,0.0,0.0,,,,,C.Brown,5.0,,,,,,,0.0,,0.0,,,,Punt,0.0
41,CIN,CIN,58.0,2376.0,6.0,2.0,0,CIN 42,5.0,5.0,(9:36) 30-C.Brown left guard to CIN 45 for 3 yards (55-K.Enagbare; 1-M.Parsons).,run,3.0,0.0,0.0,0.0,0.0,0.0,0.0,,,,,left,guard,,,,,0.0,,,,3.0,0.0,-3.0,-3.0,0.0,0.0,0.0,0.0,0.0,0.0,0.0,0.0,0.0,0.0,0.0,0.0,0.0,0.0,0.0,0.0,0.0,0.0,0.0,0.0,0.0,0.0,0.0,0.0,0.0,0.0,0.0,0.0,0.0,0.0,0.0,0.0,1.0,0.0,0.0,0.0,0.0,0.0,0.0,0.0,0.0,0.0,0.0,0.0,0.0,1.0,0.0,0.0,0.0,0.0,,,,,C.Brown,3.0,,,,,,,0.0,,0.0,,,,Punt,0.0
42,CIN,CIN,55.0,2339.0,6.0,3.0,0,CIN 45,2.0,5.0,"(8:59) (Shotgun) 16-J.Flacco pass short right to 87-T.Hudson to CIN 42 for -3 yards (25-K.Nixon, 20-J.Bullard).",pass,-3.0,1.0,0.0,1.0,0.0,0.0,0.0,short,right,-3.0,0.0,,,,,,,0.0,,,,3.0,0.0,-3.0,-3.0,0.0,0.0,0.0,0.0,0.0,1.0,0.0,0.0,0.0,0.0,0.0,0.0,0.0,0.0,0.0,0.0,0.0,0.0,0.0,0.0,0.0,0.0,0.0,0.0,0.0,0.0,0.0,0.0,0.0,0.0,0.0,0.0,0.0,1.0,0.0,0.0,0.0,0.0,0.0,0.0,0.0,0.0,0.0,0.0,1.0,1.0,0.0,0.0,0.0,0.0,J.Flacco,-3.0,T.Hudson,-3.0,,,,,,,,,1.0,,0.0,,,,Punt,0.0
43,CIN,CIN,58.0,2302.0,6.0,4.0,0,CIN 42,5.0,5.0,"(8:22) 8-R.Rehkow punts 58 yards to end zone, Center-46-W.Wagner, Touchback.",punt,0.0,0.0,0.0,0.0,0.0,0.0,0.0,,,,,,,,58.0,,,0.0,,,,3.0,0.0,-3.0,-3.0,0.0,0.0,0.0,0.0,0.0,0.0,0.0,0.0,0.0,1.0,0.0,0.0,0.0,0.0,0.0,0.0,0.0,0.0,0.0,0.0,0.0,0.0,0.0,0.0,0.0,0.0,0.0,0.0,0.0,0.0,0.0,0.0,0.0,0.0,0.0,0.0,0.0,0.0,0.0,0.0,0.0,0.0,1.0,0.0,0.0,0.0,0.0,0.0,0.0,0.0,,,,,,,,,,,R.Rehkow,,0.0,GB,0.0,,,,Punt,1.0
44,GB,GB,80.0,2292.0,7.0,1.0,0,GB 20,10.0,80.0,(8:12) (Shotgun) 8-J.Jacobs right end to GB 24 for 4 yards (44-D.Knight).,run,4.0,1.0,0.0,0.0,0.0,0.0,0.0,,,,,right,end,,,,,0.0,,,,3.0,0.0,3.0,3.0,0.0,0.0,0.0,0.0,0.0,0.0,0.0,0.0,0.0,0.0,0.0,0.0,0.0,0.0,0.0,0.0,0.0,0.0,0.0,0.0,0.0,0.0,0.0,0.0,1.0,0.0,0.0,0.0,0.0,0.0,0.0,0.0,1.0,0.0,0.0,0.0,0.0,0.0,0.0,0.0,0.0,0.0,0.0,0.0,0.0,0.0,0.0,0.0,0.0,0.0,,,,,J.Jacobs,4.0,,,,,,,0.0,,0.0,,,,First down,0.0
45,GB,GB,76.0,2254.0,7.0,2.0,0,GB 24,6.0,80.0,(7:34) (Shotgun) 8-J.Jacobs left end to GB 24 for no gain (49-B.Carter; 91-T.Hendrickson).,run,0.0,1.0,0.0,0.0,0.0,0.0,0.0,,,,,left,end,,,,,0.0,,,,3.0,0.0,3.0,3.0,0.0,0.0,0.0,0.0,0.0,0.0,0.0,0.0,0.0,0.0,0.0,0.0,0.0,0.0,0.0,0.0,0.0,0.0,0.0,0.0,0.0,0.0,0.0,0.0,0.0,0.0,0.0,0.0,0.0,0.0,0.0,0.0,1.0,0.0,0.0,0.0,0.0,0.0,0.0,0.0,0.0,0.0,0.0,0.0,0.0,1.0,0.0,0.0,0.0,0.0,,,,,J.Jacobs,0.0,,,,,,,0.0,,0.0,,,,First down,0.0
46,GB,GB,76.0,2213.0,7.0,3.0,0,GB 24,6.0,80.0,(6:53) (Shotgun) 10-J.Love pass short left to 13-D.Wicks to GB 30 for 6 yards (49-B.Carter).,pass,6.0,1.0,0.0,1.0,0.0,0.0,0.0,short,left,5.0,1.0,,,,,,,0.0,,,,3.0,0.0,3.0,3.0,0.0,0.0,1.0,0.0,1.0,0.0,0.0,0.0,0.0,0.0,0.0,0.0,0.0,0.0,0.0,0.0,0.0,0.0,0.0,0.0,0.0,0.0,0.0,0.0,1.0,0.0,0.0,0.0,0.0,0.0,0.0,0.0,0.0,1.0,0.0,0.0,0.0,0.0,0.0,0.0,0.0,0.0,0.0,0.0,1.0,0.0,0.0,0.0,0.0,0.0,J.Love,6.0,D.Wicks,6.0,,,,,,,,,0.0,,0.0,,,,First down,0.0
47,GB,GB,70.0,2191.0,7.0,1.0,0,GB 30,10.0,80.0,(6:31) (No Huddle) 8-J.Jacobs left guard to GB 30 for no gain (58-J.Ossai).,run,0.0,0.0,1.0,0.0,0.0,0.0,0.0,,,,,left,guard,,,,,0.0,,,,3.0,0.0,3.0,3.0,0.0,0.0,0.0,0.0,0.0,0.0,0.0,0.0,0.0,0.0,0.0,0.0,0.0,0.0,0.0,0.0,0.0,0.0,0.0,0.0,0.0,0.0,0.0,0.0,1.0,0.0,0.0,0.0,0.0,0.0,0.0,0.0,1.0,0.0,0.0,0.0,0.0,0.0,0.0,0.0,0.0,0.0,0.0,0.0,0.0,0.0,0.0,0.0,0.0,0.0,,,,,J.Jacobs,0.0,,,,,,,0.0,,0.0,,,,First down,0.0
48,GB,GB,70.0,2152.0,7.0,2.0,0,GB 30,10.0,80.0,(5:52) 10-J.Love pass incomplete deep right to 88-L.Musgrave.,pass,0.0,0.0,0.0,1.0,0.0,0.0,0.0,deep,right,28.0,,,,,,,,0.0,,,,3.0,0.0,3.0,3.0,0.0,0.0,0.0,0.0,0.0,0.0,0.0,0.0,1.0,0.0,0.0,0.0,0.0,0.0,0.0,0.0,0.0,0.0,0.0,0.0,0.0,0.0,0.0,0.0,0.0,0.0,0.0,0.0,0.0,0.0,0.0,0.0,0.0,1.0,0.0,0.0,0.0,0.0,0.0,0.0,0.0,0.0,0.0,0.0,0.0,0.0,0.0,0.0,0.0,0.0,J.Love,,L.Musgrave,,,,,,,,,,0.0,,0.0,,,,First down,0.0
49,GB,GB,70.0,2146.0,7.0,3.0,0,GB 30,10.0,80.0,(5:46) (Shotgun) 10-J.Love pass deep left to 0-M.Golden pushed ob at CIN 35 for 35 yards (29-C.Taylor-Britt).,pass,35.0,1.0,0.0,1.0,0.0,0.0,0.0,deep,left,34.0,1.0,,,,,,,0.0,,,,3.0,0.0,3.0,3.0,0.0,0.0,1.0,0.0,1.0,0.0,0.0,0.0,0.0,0.0,0.0,0.0,0.0,0.0,0.0,0.0,0.0,0.0,0.0,0.0,0.0,0.0,0.0,0.0,1.0,0.0,0.0,0.0,0.0,0.0,0.0,0.0,0.0,1.0,0.0,0.0,0.0,0.0,0.0,0.0,0.0,0.0,0.0,0.0,1.0,0.0,0.0,0.0,0.0,0.0,J.Love,35.0,M.Golden,35.0,,,,,,,,,0.0,,0.0,,,,First down,0.0
50,GB,CIN,35.0,2104.0,7.0,1.0,0,CIN 35,10.0,80.0,(5:04) (Shotgun) 10-J.Love pass short middle to 8-J.Jacobs to CIN 6 for 29 yards (27-J.Battle; 23-D.Hill).,pass,29.0,1.0,0.0,1.0,0.0,0.0,0.0,short,middle,7.0,22.0,,,,,,,0.0,,,,3.0,0.0,3.0,3.0,0.0,0.0,1.0,0.0,0.0,0.0,0.0,0.0,0.0,0.0,0.0,0.0,0.0,0.0,0.0,0.0,0.0,0.0,0.0,0.0,0.0,0.0,0.0,0.0,0.0,0.0,0.0,0.0,0.0,0.0,0.0,0.0,0.0,1.0,0.0,0.0,0.0,0.0,0.0,0.0,0.0,0.0,0.0,0.0,1.0,1.0,0.0,0.0,0.0,0.0,J.Love,29.0,J.Jacobs,29.0,,,,,,,,,0.0,,0.0,,,,First down,0.0
51,GB,CIN,6.0,2054.0,7.0,1.0,1,CIN 6,6.0,80.0,"(4:14) 10-J.Love pass incomplete short left to 85-T.Kraft (23-D.Hill). PENALTY on CIN-29-C.Taylor-Britt, Defensive Holding, 3 yards, enforced at CIN 6 - No Play.",no_play,0.0,0.0,0.0,0.0,0.0,0.0,0.0,,,,,,,,,,,0.0,,,,3.0,0.0,3.0,3.0,0.0,0.0,0.0,1.0,0.0,0.0,0.0,0.0,0.0,0.0,0.0,0.0,0.0,0.0,0.0,0.0,0.0,0.0,0.0,0.0,0.0,0.0,0.0,0.0,0.0,0.0,1.0,0.0,0.0,0.0,0.0,0.0,0.0,0.0,0.0,0.0,0.0,0.0,0.0,0.0,0.0,0.0,0.0,0.0,0.0,0.0,0.0,0.0,0.0,0.0,,,,,,,,,,,,,0.0,,0.0,CIN,3.0,Defensive Holding,First down,0.0
52,GB,CIN,3.0,2048.0,7.0,1.0,1,CIN 3,3.0,80.0,"(4:08) (Shotgun) 8-J.Jacobs up the middle for 3 yards, TOUCHDOWN.",run,3.0,1.0,0.0,0.0,0.0,0.0,0.0,,,,,middle,,,,,,0.0,,GB,J.Jacobs,9.0,0.0,3.0,9.0,0.0,1.0,0.0,0.0,0.0,0.0,0.0,0.0,0.0,0.0,0.0,0.0,0.0,0.0,0.0,0.0,0.0,0.0,0.0,0.0,0.0,0.0,0.0,0.0,0.0,0.0,0.0,0.0,0.0,0.0,0.0,0.0,1.0,0.0,0.0,1.0,0.0,1.0,0.0,0.0,0.0,0.0,0.0,0.0,0.0,0.0,0.0,0.0,0.0,0.0,,,,,J.Jacobs,3.0,,,,,,,0.0,,0.0,,,,Touchdown,0.0
53,GB,CIN,15.0,2045.0,7.0,,0,CIN 15,0.0,80.0,"35-L.Havrisik extra point is GOOD, Center-42-M.Orzech, Holder-19-D.Whelan.",extra_point,0.0,0.0,0.0,0.0,0.0,0.0,0.0,,,,,,,,33.0,good,,0.0,,,,10.0,0.0,9.0,10.0,0.0,0.0,0.0,0.0,0.0,0.0,0.0,0.0,0.0,0.0,0.0,0.0,0.0,0.0,0.0,0.0,0.0,0.0,0.0,0.0,0.0,0.0,0.0,0.0,0.0,0.0,0.0,0.0,0.0,0.0,0.0,0.0,0.0,0.0,0.0,0.0,0.0,0.0,1.0,0.0,0.0,0.0,0.0,0.0,0.0,0.0,0.0,0.0,0.0,0.0,,,,,,,,,,,,L.Havrisik,0.0,,0.0,,,,Touchdown,1.0
54,CIN,GB,35.0,2045.0,8.0,,0,GB 35,0.0,-2.0,"35-L.Havrisik kicks 64 yards from GB 35 to CIN 1. 15-C.Jones to CIN 25 for 24 yards (59-T.Hopper). PENALTY on GB-59-T.Hopper, Unnecessary Roughness, 15 yards, enforced at CIN 25.",kickoff,0.0,0.0,0.0,0.0,0.0,0.0,0.0,,,,,,,,64.0,,,0.0,,,,10.0,0.0,-10.0,-10.0,0.0,0.0,0.0,0.0,0.0,0.0,0.0,0.0,0.0,0.0,0.0,0.0,0.0,0.0,0.0,0.0,0.0,0.0,0.0,0.0,0.0,0.0,0.0,0.0,1.0,0.0,1.0,0.0,0.0,0.0,0.0,0.0,0.0,0.0,0.0,0.0,0.0,0.0,0.0,0.0,0.0,1.0,0.0,0.0,0.0,0.0,0.0,0.0,0.0,0.0,,,,,,,,,,,,L.Havrisik,0.0,CIN,24.0,GB,15.0,Unnecessary Roughness,Punt,1.0
55,CIN,CIN,60.0,2038.0,8.0,1.0,0,CIN 40,10.0,-2.0,(3:58) 16-J.Flacco pass incomplete deep left to 1-J.Chase.,pass,0.0,0.0,0.0,1.0,0.0,0.0,0.0,deep,left,25.0,,,,,,,,0.0,,,,10.0,0.0,-10.0,-10.0,0.0,0.0,0.0,0.0,0.0,0.0,0.0,0.0,1.0,0.0,0.0,0.0,0.0,0.0,0.0,0.0,0.0,0.0,0.0,0.0,0.0,0.0,0.0,0.0,0.0,0.0,0.0,0.0,0.0,0.0,0.0,0.0,0.0,1.0,0.0,0.0,0.0,0.0,0.0,0.0,0.0,0.0,0.0,0.0,0.0,0.0,0.0,0.0,0.0,0.0,J.Flacco,,J.Chase,,,,,,,,,,0.0,,0.0,,,,Punt,0.0
56,CIN,CIN,60.0,2032.0,8.0,2.0,0,CIN 40,10.0,-2.0,(3:52) (Shotgun) 16-J.Flacco pass short left to 89-D.Sample to CIN 38 for -2 yards (56-E.Cooper).,pass,-2.0,1.0,0.0,1.0,0.0,0.0,0.0,short,left,-4.0,2.0,,,,,,,0.0,,,,10.0,0.0,-10.0,-10.0,0.0,0.0,0.0,0.0,0.0,0.0,0.0,0.0,0.0,0.0,0.0,0.0,0.0,0.0,0.0,0.0,0.0,0.0,0.0,0.0,0.0,0.0,0.0,0.0,1.0,0.0,0.0,0.0,0.0,0.0,0.0,0.0,0.0,1.0,0.0,0.0,0.0,0.0,0.0,0.0,0.0,0.0,0.0,0.0,1.0,0.0,0.0,0.0,0.0,0.0,J.Flacco,-2.0,D.Sample,-2.0,,,,,,,,,0.0,,0.0,,,,Punt,0.0
57,CIN,CIN,62.0,1989.0,8.0,3.0,0,CIN 38,12.0,-2.0,(3:09) (Shotgun) 16-J.Flacco pass incomplete deep right to 5-T.Higgins.,pass,0.0,1.0,0.0,1.0,0.0,0.0,0.0,deep,right,41.0,,,,,,,,0.0,,,,10.0,0.0,-10.0,-10.0,0.0,0.0,0.0,0.0,0.0,1.0,0.0,0.0,1.0,0.0,0.0,0.0,0.0,0.0,0.0,0.0,0.0,0.0,0.0,0.0,0.0,0.0,0.0,0.0,0.0,0.0,0.0,0.0,0.0,0.0,0.0,0.0,0.0,1.0,0.0,0.0,0.0,0.0,0.0,0.0,0.0,0.0,0.0,0.0,0.0,0.0,0.0,0.0,0.0,0.0,J.Flacco,,T.Higgins,,,,,,,,,,0.0,,0.0,,,,Punt,0.0
58,CIN,CIN,62.0,1981.0,8.0,4.0,0,CIN 38,12.0,-2.0,"(3:01) 8-R.Rehkow punts 54 yards to GB 8, Center-46-W.Wagner. 87-R.Doubs to GB 17 for 9 yards (26-T.Anderson; 34-S.Perine).",punt,0.0,0.0,0.0,0.0,0.0,0.0,0.0,,,,,,,,54.0,,,0.0,,,,10.0,0.0,-10.0,-10.0,0.0,0.0,0.0,0.0,0.0,0.0,0.0,0.0,0.0,0.0,0.0,1.0,0.0,0.0,0.0,0.0,0.0,0.0,0.0,0.0,0.0,0.0,0.0,0.0,0.0,0.0,0.0,0.0,0.0,0.0,0.0,0.0,0.0,0.0,0.0,0.0,0.0,0.0,0.0,0.0,0.0,0.0,1.0,0.0,0.0,1.0,0.0,0.0,0.0,0.0,,,,,,,,,,,R.Rehkow,,0.0,GB,9.0,,,,Punt,1.0
59,GB,GB,83.0,1970.0,9.0,1.0,0,GB 17,10.0,41.0,(2:50) (Shotgun) 10-J.Love pass deep middle to 85-T.Kraft to GB 41 for 24 yards (22-G.Stone).,pass,24.0,1.0,0.0,1.0,0.0,0.0,0.0,deep,middle,23.0,1.0,,,,,,,0.0,,,,10.0,0.0,10.0,10.0,0.0,0.0,1.0,0.0,0.0,0.0,0.0,0.0,0.0,0.0,0.0,0.0,0.0,0.0,0.0,0.0,0.0,0.0,0.0,0.0,0.0,0.0,0.0,0.0,1.0,0.0,0.0,0.0,0.0,0.0,0.0,0.0,0.0,1.0,0.0,0.0,0.0,0.0,0.0,0.0,0.0,0.0,0.0,0.0,1.0,0.0,0.0,0.0,0.0,0.0,J.Love,24.0,T.Kraft,24.0,,,,,,,,,0.0,,0.0,,,,First down,0.0
60,GB,GB,59.0,1933.0,9.0,1.0,0,GB 41,10.0,41.0,(2:13) (Shotgun) 8-J.Jacobs right guard to CIN 47 for 12 yards (23-D.Hill; 55-L.Wilson).,run,12.0,1.0,0.0,0.0,0.0,0.0,0.0,,,,,right,guard,,,,,0.0,,,,10.0,0.0,10.0,10.0,0.0,1.0,0.0,0.0,0.0,0.0,0.0,0.0,0.0,0.0,0.0,0.0,0.0,0.0,0.0,0.0,0.0,0.0,0.0,0.0,0.0,0.0,0.0,0.0,0.0,0.0,0.0,0.0,0.0,0.0,0.0,0.0,1.0,0.0,0.0,0.0,0.0,0.0,0.0,0.0,0.0,0.0,0.0,0.0,0.0,1.0,0.0,0.0,0.0,0.0,,,,,J.Jacobs,12.0,,,,,,,0.0,,0.0,,,,First down,0.0
61,GB,CIN,47.0,1920.0,9.0,1.0,0,CIN 47,10.0,41.0,(2:00) 10-J.Love pass incomplete short left to 87-R.Doubs (20-D.Turner).,pass,0.0,0.0,0.0,1.0,0.0,0.0,0.0,short,left,13.0,,,,,,,,0.0,,,,10.0,0.0,10.0,10.0,0.0,0.0,0.0,0.0,0.0,0.0,0.0,0.0,1.0,0.0,0.0,0.0,0.0,0.0,0.0,0.0,0.0,0.0,0.0,0.0,0.0,0.0,0.0,0.0,0.0,0.0,0.0,0.0,0.0,0.0,0.0,0.0,0.0,1.0,0.0,0.0,0.0,0.0,0.0,0.0,0.0,0.0,0.0,0.0,0.0,0.0,0.0,0.0,0.0,0.0,J.Love,,R.Doubs,,,,,,,,,,0.0,,0.0,,,,Punt,0.0
62,GB,CIN,47.0,1915.0,9.0,2.0,0,CIN 47,10.0,41.0,"(1:55) (Shotgun) 10-J.Love pass short left to 8-J.Jacobs to CIN 42 for 5 yards (49-B.Carter). The Replay Official reviewed the runner was inbounds ruling, and the play was Upheld. The ruling on the field stands.",pass,5.0,1.0,0.0,1.0,0.0,0.0,0.0,short,left,-2.0,7.0,,,,,,,0.0,,,,10.0,0.0,10.0,10.0,0.0,0.0,0.0,0.0,0.0,0.0,0.0,0.0,0.0,0.0,0.0,0.0,0.0,0.0,0.0,0.0,0.0,0.0,0.0,0.0,0.0,0.0,0.0,0.0,1.0,0.0,0.0,0.0,0.0,0.0,0.0,0.0,0.0,1.0,0.0,0.0,0.0,0.0,0.0,0.0,0.0,0.0,0.0,0.0,1.0,0.0,0.0,0.0,0.0,0.0,J.Love,5.0,J.Jacobs,5.0,,,,,,,,,0.0,,0.0,,,,Punt,0.0
63,GB,CIN,42.0,1878.0,9.0,3.0,0,CIN 42,5.0,41.0,(1:18) (Shotgun) 10-J.Love pass incomplete short left to 87-R.Doubs (20-D.Turner).,pass,0.0,1.0,0.0,1.0,0.0,0.0,0.0,short,left,14.0,,,,,,,,0.0,,,,10.0,0.0,10.0,10.0,0.0,0.0,0.0,0.0,0.0,1.0,0.0,0.0,1.0,0.0,0.0,0.0,0.0,0.0,0.0,0.0,0.0,0.0,0.0,0.0,0.0,0.0,0.0,0.0,0.0,0.0,0.0,0.0,0.0,0.0,0.0,0.0,0.0,1.0,0.0,0.0,0.0,0.0,0.0,0.0,0.0,0.0,0.0,0.0,0.0,0.0,0.0,0.0,0.0,0.0,J.Love,,R.Doubs,,,,,,,,,,0.0,,0.0,,,,Punt,0.0
64,GB,CIN,42.0,1873.0,9.0,4.0,0,CIN 42,5.0,41.0,"(1:13) 19-D.Whelan punts 35 yards to CIN 7, Center-42-M.Orzech, fair catch by 15-C.Jones.",punt,0.0,0.0,0.0,0.0,0.0,0.0,0.0,,,,,,,,35.0,,,0.0,,,,10.0,0.0,10.0,10.0,0.0,0.0,0.0,0.0,0.0,0.0,0.0,0.0,0.0,0.0,0.0,1.0,0.0,0.0,0.0,1.0,0.0,0.0,0.0,0.0,0.0,0.0,0.0,0.0,0.0,0.0,0.0,0.0,0.0,0.0,0.0,0.0,0.0,0.0,0.0,0.0,0.0,0.0,0.0,0.0,0.0,0.0,1.0,0.0,0.0,0.0,0.0,0.0,0.0,0.0,,,,,,,,,,,D.Whelan,,0.0,CIN,0.0,,,,Punt,1.0
65,CIN,CIN,93.0,1866.0,10.0,1.0,0,CIN 7,10.0,44.0,(1:06) (Shotgun) 30-C.Brown left end to CIN 20 for 13 yards (20-J.Bullard).,run,13.0,1.0,0.0,0.0,0.0,0.0,0.0,,,,,left,end,,,,,0.0,,,,10.0,0.0,-10.0,-10.0,0.0,1.0,0.0,0.0,0.0,0.0,0.0,0.0,0.0,0.0,0.0,0.0,0.0,0.0,0.0,0.0,0.0,0.0,0.0,0.0,0.0,0.0,0.0,0.0,1.0,0.0,0.0,0.0,0.0,0.0,0.0,0.0,1.0,0.0,0.0,0.0,0.0,0.0,0.0,0.0,0.0,0.0,0.0,0.0,0.0,0.0,0.0,0.0,0.0,0.0,,,,,C.Brown,13.0,,,,,,,0.0,,0.0,,,,First down,0.0
66,CIN,CIN,80.0,1841.0,10.0,1.0,0,CIN 20,10.0,44.0,"(:41) (No Huddle, Shotgun) 16-J.Flacco pass short left to 1-J.Chase ran ob at CIN 30 for 10 yards.",pass,10.0,1.0,1.0,1.0,0.0,0.0,0.0,short,left,10.0,0.0,,,,,,,0.0,,,,10.0,0.0,-10.0,-10.0,0.0,0.0,1.0,0.0,0.0,0.0,0.0,0.0,0.0,0.0,0.0,0.0,0.0,0.0,0.0,0.0,0.0,0.0,0.0,0.0,0.0,0.0,0.0,0.0,0.0,0.0,0.0,0.0,0.0,0.0,0.0,0.0,0.0,1.0,0.0,0.0,0.0,0.0,0.0,0.0,0.0,0.0,0.0,0.0,1.0,0.0,0.0,0.0,0.0,0.0,J.Flacco,10.0,J.Chase,10.0,,,,,,,,,0.0,,0.0,,,,First down,0.0
67,CIN,CIN,70.0,1837.0,10.0,1.0,0,CIN 30,10.0,44.0,(:37) (Shotgun) 16-J.Flacco pass short left to 87-T.Hudson to CIN 33 for 3 yards (21-N.Hobbs).,pass,3.0,1.0,0.0,1.0,0.0,0.0,0.0,short,left,0.0,3.0,,,,,,,0.0,,,,10.0,0.0,-10.0,-10.0,0.0,0.0,0.0,0.0,0.0,0.0,0.0,0.0,0.0,0.0,0.0,0.0,0.0,0.0,0.0,0.0,0.0,0.0,0.0,0.0,0.0,0.0,0.0,0.0,1.0,0.0,0.0,0.0,0.0,0.0,0.0,0.0,0.0,1.0,0.0,0.0,0.0,0.0,0.0,0.0,0.0,0.0,0.0,0.0,1.0,0.0,0.0,0.0,0.0,0.0,J.Flacco,3.0,T.Hudson,3.0,,,,,,,,,0.0,,0.0,,,,First down,0.0
68,,,,1830.0,10.0,,0,CIN 33,0.0,44.0,Timeout #1 by CIN at 00:30.,no_play,0.0,0.0,0.0,0.0,0.0,0.0,0.0,,,,,,,,,,,1.0,CIN,,,10.0,0.0,,,0.0,0.0,0.0,0.0,0.0,0.0,0.0,0.0,0.0,0.0,0.0,0.0,0.0,0.0,0.0,0.0,0.0,0.0,0.0,0.0,0.0,0.0,0.0,0.0,0.0,0.0,0.0,0.0,0.0,0.0,0.0,0.0,0.0,0.0,0.0,0.0,0.0,0.0,0.0,0.0,0.0,0.0,0.0,0.0,0.0,0.0,0.0,0.0,0.0,0.0,,,,,,,,,,,,,0.0,,0.0,,,,First down,0.0
69,CIN,CIN,67.0,1830.0,10.0,2.0,0,CIN 33,7.0,44.0,(:30) (Shotgun) 16-J.Flacco pass short right to 80-A.Iosivas to CIN 38 for 5 yards (33-E.Williams) [52-R.Gary].,pass,5.0,1.0,0.0,1.0,0.0,0.0,0.0,short,right,4.0,1.0,,,,,,,0.0,,,,10.0,0.0,-10.0,-10.0,0.0,0.0,0.0,0.0,0.0,0.0,0.0,0.0,0.0,0.0,0.0,0.0,0.0,0.0,0.0,0.0,0.0,0.0,0.0,0.0,0.0,0.0,0.0,0.0,1.0,0.0,0.0,0.0,0.0,0.0,0.0,1.0,0.0,1.0,0.0,0.0,0.0,0.0,0.0,0.0,0.0,0.0,0.0,0.0,1.0,0.0,0.0,0.0,0.0,0.0,J.Flacco,5.0,A.Iosivas,5.0,,,,,,,,,0.0,,0.0,,,,First down,0.0
70,,,,1826.0,10.0,,0,CIN 38,0.0,44.0,Timeout #2 by CIN at 00:26.,no_play,0.0,0.0,0.0,0.0,0.0,0.0,0.0,,,,,,,,,,,1.0,CIN,,,10.0,0.0,,,0.0,0.0,0.0,0.0,0.0,0.0,0.0,0.0,0.0,0.0,0.0,0.0,0.0,0.0,0.0,0.0,0.0,0.0,0.0,0.0,0.0,0.0,0.0,0.0,0.0,0.0,0.0,0.0,0.0,0.0,0.0,0.0,0.0,0.0,0.0,0.0,0.0,0.0,0.0,0.0,0.0,0.0,0.0,0.0,0.0,0.0,0.0,0.0,0.0,0.0,,,,,,,,,,,,,0.0,,0.0,,,,First down,0.0
71,CIN,CIN,62.0,1826.0,10.0,3.0,0,CIN 38,2.0,44.0,(:26) (Shotgun) 34-S.Perine up the middle to CIN 42 for 4 yards (56-E.Cooper).,run,4.0,1.0,0.0,0.0,0.0,0.0,0.0,,,,,middle,,,,,,0.0,,,,10.0,0.0,-10.0,-10.0,0.0,1.0,0.0,0.0,1.0,0.0,0.0,0.0,0.0,0.0,0.0,0.0,0.0,0.0,0.0,0.0,0.0,0.0,0.0,0.0,0.0,0.0,0.0,0.0,1.0,0.0,0.0,0.0,0.0,0.0,0.0,0.0,1.0,0.0,0.0,0.0,0.0,0.0,0.0,0.0,0.0,0.0,0.0,0.0,0.0,0.0,0.0,0.0,0.0,0.0,,,,,S.Perine,4.0,,,,,,,0.0,,0.0,,,,First down,0.0
72,,,,1822.0,10.0,,0,CIN 42,0.0,44.0,Timeout #3 by CIN at 00:22.,no_play,0.0,0.0,0.0,0.0,0.0,0.0,0.0,,,,,,,,,,,1.0,CIN,,,10.0,0.0,,,0.0,0.0,0.0,0.0,0.0,0.0,0.0,0.0,0.0,0.0,0.0,0.0,0.0,0.0,0.0,0.0,0.0,0.0,0.0,0.0,0.0,0.0,0.0,0.0,0.0,0.0,0.0,0.0,0.0,0.0,0.0,0.0,0.0,0.0,0.0,0.0,0.0,0.0,0.0,0.0,0.0,0.0,0.0,0.0,0.0,0.0,0.0,0.0,0.0,0.0,,,,,,,,,,,,,0.0,,0.0,,,,Missed field goal,0.0
73,CIN,CIN,58.0,1822.0,10.0,1.0,0,CIN 42,10.0,44.0,(:22) (Shotgun) 16-J.Flacco pass incomplete deep right [90-L.Van Ness].,pass,0.0,1.0,0.0,1.0,0.0,0.0,0.0,deep,right,23.0,,,,,,,,0.0,,,,10.0,0.0,-10.0,-10.0,0.0,0.0,0.0,0.0,0.0,0.0,0.0,0.0,1.0,0.0,0.0,0.0,0.0,0.0,0.0,0.0,0.0,0.0,0.0,0.0,0.0,0.0,0.0,0.0,0.0,0.0,0.0,0.0,0.0,0.0,0.0,1.0,0.0,1.0,0.0,0.0,0.0,0.0,0.0,0.0,0.0,0.0,0.0,0.0,0.0,0.0,0.0,0.0,0.0,0.0,J.Flacco,,,,,,,,,,,,0.0,,0.0,,,,Missed field goal,0.0
74,CIN,CIN,58.0,1815.0,10.0,2.0,0,CIN 42,10.0,44.0,(:15) (Shotgun) 16-J.Flacco pass short middle to 86-N.Fant to GB 49 for 9 yards (20-J.Bullard; 56-E.Cooper).,pass,9.0,1.0,0.0,1.0,0.0,0.0,0.0,short,middle,3.0,6.0,,,,,,,0.0,,,,10.0,0.0,-10.0,-10.0,0.0,0.0,0.0,0.0,0.0,0.0,0.0,0.0,0.0,0.0,0.0,0.0,0.0,0.0,0.0,0.0,0.0,0.0,0.0,0.0,0.0,0.0,0.0,0.0,0.0,0.0,0.0,0.0,0.0,0.0,0.0,0.0,0.0,1.0,0.0,0.0,0.0,0.0,0.0,0.0,0.0,0.0,0.0,0.0,1.0,1.0,0.0,0.0,0.0,0.0,J.Flacco,9.0,N.Fant,9.0,,,,,,,,,0.0,,0.0,,,,Missed field goal,0.0
75,CIN,GB,49.0,1802.0,10.0,3.0,0,GB 49,1.0,44.0,(:02) (No Huddle) 16-J.Flacco spiked the ball to stop the clock.,qb_spike,0.0,0.0,1.0,0.0,0.0,1.0,0.0,,,0.0,,,,,,,,0.0,,,,10.0,0.0,-10.0,-10.0,0.0,0.0,0.0,0.0,0.0,1.0,0.0,0.0,1.0,0.0,0.0,0.0,0.0,0.0,0.0,0.0,0.0,0.0,0.0,0.0,0.0,0.0,0.0,0.0,0.0,0.0,0.0,0.0,0.0,0.0,0.0,0.0,0.0,1.0,0.0,0.0,0.0,0.0,0.0,0.0,0.0,0.0,0.0,0.0,0.0,0.0,0.0,0.0,0.0,0.0,J.Flacco,,,,,,,,,,,,0.0,,0.0,,,,Missed field goal,0.0
76,,,,1801.0,10.0,,0,GB 49,0.0,44.0,Timeout #1 by GB at 00:01.,no_play,0.0,0.0,0.0,0.0,0.0,0.0,0.0,,,,,,,,,,,1.0,GB,,,10.0,0.0,,,0.0,0.0,0.0,0.0,0.0,0.0,0.0,0.0,0.0,0.0,0.0,0.0,0.0,0.0,0.0,0.0,0.0,0.0,0.0,0.0,0.0,0.0,0.0,0.0,0.0,0.0,0.0,0.0,0.0,0.0,0.0,0.0,0.0,0.0,0.0,0.0,0.0,0.0,0.0,0.0,0.0,0.0,0.0,0.0,0.0,0.0,0.0,0.0,0.0,0.0,,,,,,,,,,,,,0.0,,0.0,,,,Missed field goal,0.0
77,CIN,GB,49.0,1801.0,10.0,4.0,0,GB 49,1.0,44.0,"(:01) 2-E.McPherson 67 yard field goal is No Good, Center-46-W.Wagner, Holder-8-R.Rehkow. 25-K.Nixon at GB -5 to GB 32 for 37 yards (71-A.Mims; 74-J.Rivers).",field_goal,0.0,0.0,0.0,0.0,0.0,0.0,0.0,,,,,,,missed,67.0,,,0.0,,,,10.0,0.0,-10.0,-10.0,0.0,0.0,0.0,0.0,0.0,0.0,0.0,0.0,0.0,0.0,0.0,0.0,0.0,0.0,0.0,0.0,0.0,0.0,0.0,0.0,0.0,0.0,0.0,0.0,0.0,0.0,0.0,0.0,0.0,0.0,0.0,0.0,0.0,0.0,0.0,0.0,0.0,0.0,0.0,0.0,1.0,0.0,0.0,0.0,0.0,1.0,0.0,0.0,0.0,0.0,,,,,,,,,,,,E.McPherson,0.0,,0.0,,,,Missed field goal,0.0
78,,,,1800.0,,,0,GB 35,0.0,,END QUARTER 2,,,0.0,0.0,,0.0,0.0,0.0,,,,,,,,,,,,,,,10.0,0.0,,,,,,,,,,,,0.0,,,,,,,,,,,,,,,,,,,,,,,,,,,,,,,,,,,,,,,,,,,,,,,,,,,,,,,,,,,Missed field goal,0.0
79,CIN,GB,35.0,1800.0,11.0,,0,GB 35,0.0,78.0,"35-L.Havrisik kicks 55 yards from GB 35 to CIN 10. 15-C.Jones pushed ob at CIN 39 for 29 yards (24-C.Valentine). PENALTY on CIN-96-C.Sample, Offensive Holding, 10 yards, enforced at CIN 32.",kickoff,0.0,0.0,0.0,0.0,0.0,0.0,0.0,,,,,,,,55.0,,,0.0,,,,10.0,0.0,-10.0,-10.0,0.0,0.0,0.0,0.0,0.0,0.0,0.0,0.0,0.0,0.0,0.0,0.0,0.0,0.0,0.0,0.0,0.0,0.0,0.0,0.0,0.0,0.0,0.0,0.0,1.0,0.0,1.0,0.0,0.0,0.0,0.0,0.0,0.0,0.0,0.0,0.0,0.0,0.0,0.0,0.0,0.0,1.0,0.0,0.0,0.0,0.0,0.0,0.0,0.0,0.0,,,,,,,,,,,,L.Havrisik,0.0,CIN,22.0,CIN,10.0,Offensive Holding,First down,1.0
80,CIN,CIN,78.0,1794.0,11.0,1.0,0,CIN 22,10.0,78.0,(14:54) 30-C.Brown right end to CIN 27 for 5 yards (20-J.Bullard).,run,5.0,0.0,0.0,0.0,0.0,0.0,0.0,,,,,right,end,,,,,0.0,,,,10.0,0.0,-10.0,-10.0,0.0,0.0,0.0,0.0,0.0,0.0,0.0,0.0,0.0,0.0,0.0,0.0,0.0,0.0,0.0,0.0,0.0,0.0,0.0,0.0,0.0,0.0,0.0,0.0,1.0,0.0,0.0,0.0,0.0,0.0,0.0,0.0,1.0,0.0,0.0,0.0,0.0,0.0,0.0,0.0,0.0,0.0,0.0,0.0,0.0,0.0,0.0,0.0,0.0,0.0,,,,,C.Brown,5.0,,,,,,,0.0,,0.0,,,,First down,0.0
81,CIN,CIN,73.0,1754.0,11.0,2.0,0,CIN 27,5.0,78.0,(14:14) (Shotgun) 30-C.Brown right end to CIN 31 for 4 yards (7-Q.Walker; 56-E.Cooper).,run,4.0,1.0,0.0,0.0,0.0,0.0,0.0,,,,,right,end,,,,,0.0,,,,10.0,0.0,-10.0,-10.0,0.0,0.0,0.0,0.0,0.0,0.0,0.0,0.0,0.0,0.0,0.0,0.0,0.0,0.0,0.0,0.0,0.0,0.0,0.0,0.0,0.0,0.0,0.0,0.0,0.0,0.0,0.0,0.0,0.0,0.0,0.0,0.0,1.0,0.0,0.0,0.0,0.0,0.0,0.0,0.0,0.0,0.0,0.0,0.0,0.0,1.0,0.0,0.0,0.0,0.0,,,,,C.Brown,4.0,,,,,,,0.0,,0.0,,,,First down,0.0
82,CIN,CIN,69.0,1710.0,11.0,3.0,0,CIN 31,1.0,78.0,(13:30) (Shotgun) 34-S.Perine up the middle to CIN 33 for 2 yards (90-L.Van Ness; 33-E.Williams).,run,2.0,1.0,0.0,0.0,0.0,0.0,0.0,,,,,middle,,,,,,0.0,,,,10.0,0.0,-10.0,-10.0,0.0,1.0,0.0,0.0,1.0,0.0,0.0,0.0,0.0,0.0,0.0,0.0,0.0,0.0,0.0,0.0,0.0,0.0,0.0,0.0,0.0,0.0,0.0,0.0,0.0,0.0,0.0,0.0,0.0,0.0,0.0,0.0,1.0,0.0,0.0,0.0,0.0,0.0,0.0,0.0,0.0,0.0,0.0,0.0,0.0,1.0,0.0,0.0,0.0,0.0,,,,,S.Perine,2.0,,,,,,,0.0,,0.0,,,,First down,0.0
83,CIN,CIN,67.0,1672.0,11.0,1.0,0,CIN 33,10.0,78.0,(12:52) (Shotgun) 16-J.Flacco pass short left to 1-J.Chase ran ob at CIN 45 for 12 yards.,pass,12.0,1.0,0.0,1.0,0.0,0.0,0.0,short,left,12.0,0.0,,,,,,,0.0,,,,10.0,0.0,-10.0,-10.0,0.0,0.0,1.0,0.0,0.0,0.0,0.0,0.0,0.0,0.0,0.0,0.0,0.0,0.0,0.0,0.0,0.0,0.0,0.0,0.0,0.0,0.0,0.0,0.0,0.0,0.0,0.0,0.0,0.0,0.0,0.0,0.0,0.0,1.0,0.0,0.0,0.0,0.0,0.0,0.0,0.0,0.0,0.0,0.0,1.0,0.0,0.0,0.0,0.0,0.0,J.Flacco,12.0,J.Chase,12.0,,,,,,,,,0.0,,0.0,,,,First down,0.0
84,CIN,CIN,55.0,1641.0,11.0,1.0,0,CIN 45,10.0,78.0,"(12:21) 16-J.Flacco pass short right to 1-J.Chase to GB 48 for 7 yards (33-E.Williams). PENALTY on GB-25-K.Nixon, Illegal Contact, 5 yards, enforced at CIN 45 - No Play.",no_play,0.0,0.0,0.0,0.0,0.0,0.0,0.0,,,,,,,,,,,0.0,,,,10.0,0.0,-10.0,-10.0,0.0,0.0,0.0,1.0,0.0,0.0,0.0,0.0,0.0,0.0,0.0,0.0,0.0,0.0,0.0,0.0,0.0,0.0,0.0,0.0,0.0,0.0,0.0,0.0,0.0,0.0,1.0,0.0,0.0,0.0,0.0,0.0,0.0,0.0,0.0,0.0,0.0,0.0,0.0,0.0,0.0,0.0,0.0,0.0,0.0,0.0,0.0,0.0,0.0,0.0,,,,,,,,,,,,,0.0,,0.0,GB,5.0,Illegal Contact,First down,0.0
85,CIN,50,50.0,1623.0,11.0,1.0,0,MID 50,10.0,78.0,(12:03) 34-S.Perine up the middle to GB 44 for 6 yards (25-K.Nixon; 33-E.Williams).,run,6.0,0.0,0.0,0.0,0.0,0.0,0.0,,,,,middle,,,,,,0.0,,,,10.0,0.0,-10.0,-10.0,0.0,0.0,0.0,0.0,0.0,0.0,0.0,0.0,0.0,0.0,0.0,0.0,0.0,0.0,0.0,0.0,0.0,0.0,0.0,0.0,0.0,0.0,0.0,0.0,0.0,0.0,0.0,0.0,0.0,0.0,0.0,0.0,1.0,0.0,0.0,0.0,0.0,0.0,0.0,0.0,0.0,0.0,0.0,0.0,0.0,1.0,0.0,0.0,0.0,0.0,,,,,S.Perine,6.0,,,,,,,0.0,,0.0,,,,First down,0.0
86,CIN,GB,44.0,1583.0,11.0,2.0,0,GB 44,4.0,78.0,(11:23) (Shotgun) 16-J.Flacco pass incomplete short right to 5-T.Higgins (25-K.Nixon).,pass,0.0,1.0,0.0,1.0,0.0,0.0,0.0,short,right,5.0,,,,,,,,0.0,,,,10.0,0.0,-10.0,-10.0,0.0,0.0,0.0,0.0,0.0,0.0,0.0,0.0,1.0,0.0,0.0,0.0,0.0,0.0,0.0,0.0,0.0,0.0,0.0,0.0,0.0,0.0,0.0,0.0,0.0,0.0,0.0,0.0,0.0,0.0,0.0,0.0,0.0,1.0,0.0,0.0,0.0,0.0,0.0,0.0,0.0,0.0,0.0,0.0,0.0,0.0,0.0,0.0,0.0,0.0,J.Flacco,,T.Higgins,,,,,,,,,,0.0,,0.0,,,,First down,0.0
87,CIN,GB,44.0,1580.0,11.0,3.0,0,GB 44,4.0,78.0,(11:20) (Shotgun) 16-J.Flacco pass short middle to 5-T.Higgins to GB 35 for 9 yards (20-J.Bullard).,pass,9.0,1.0,0.0,1.0,0.0,0.0,0.0,short,middle,6.0,3.0,,,,,,,0.0,,,,10.0,0.0,-10.0,-10.0,0.0,0.0,1.0,0.0,1.0,0.0,0.0,0.0,0.0,0.0,0.0,0.0,0.0,0.0,0.0,0.0,0.0,0.0,0.0,0.0,0.0,0.0,0.0,0.0,1.0,0.0,0.0,0.0,0.0,0.0,0.0,0.0,0.0,1.0,0.0,0.0,0.0,0.0,0.0,0.0,0.0,0.0,0.0,0.0,1.0,0.0,0.0,0.0,0.0,0.0,J.Flacco,9.0,T.Higgins,9.0,,,,,,,,,0.0,,0.0,,,,First down,0.0
88,CIN,GB,35.0,1539.0,11.0,1.0,0,GB 35,10.0,78.0,(10:39) (Shotgun) 16-J.Flacco pass incomplete short middle to 80-A.Iosivas.,pass,0.0,1.0,0.0,1.0,0.0,0.0,0.0,short,middle,-2.0,,,,,,,,0.0,,,,10.0,0.0,-10.0,-10.0,0.0,0.0,0.0,0.0,0.0,0.0,0.0,0.0,1.0,0.0,0.0,0.0,0.0,0.0,0.0,0.0,0.0,0.0,0.0,0.0,0.0,0.0,0.0,0.0,0.0,0.0,0.0,0.0,0.0,0.0,0.0,0.0,0.0,1.0,0.0,0.0,0.0,0.0,0.0,0.0,0.0,0.0,0.0,0.0,0.0,0.0,0.0,0.0,0.0,0.0,J.Flacco,,A.Iosivas,,,,,,,,,,0.0,,0.0,,,,First down,0.0
89,CIN,GB,35.0,1534.0,11.0,2.0,0,GB 35,10.0,78.0,(10:34) (Shotgun) 30-C.Brown up the middle to GB 26 for 9 yards (29-X.McKinney; 93-N.Stackhouse).,run,9.0,1.0,0.0,0.0,0.0,0.0,0.0,,,,,middle,,,,,,0.0,,,,10.0,0.0,-10.0,-10.0,0.0,0.0,0.0,0.0,0.0,0.0,0.0,0.0,0.0,0.0,0.0,0.0,0.0,0.0,0.0,0.0,0.0,0.0,0.0,0.0,0.0,0.0,0.0,0.0,0.0,0.0,0.0,0.0,0.0,0.0,0.0,0.0,1.0,0.0,0.0,0.0,0.0,0.0,0.0,0.0,0.0,0.0,0.0,0.0,0.0,1.0,0.0,0.0,0.0,0.0,,,,,C.Brown,9.0,,,,,,,0.0,,0.0,,,,First down,0.0
90,CIN,GB,26.0,1495.0,11.0,3.0,0,GB 26,1.0,78.0,(9:55) (Shotgun) 34-S.Perine right end to GB 25 for 1 yard (33-E.Williams; 96-C.Wooden).,run,1.0,1.0,0.0,0.0,0.0,0.0,0.0,,,,,right,end,,,,,0.0,,,,10.0,0.0,-10.0,-10.0,0.0,1.0,0.0,0.0,1.0,0.0,0.0,0.0,0.0,0.0,0.0,0.0,0.0,0.0,0.0,0.0,0.0,0.0,0.0,0.0,0.0,0.0,0.0,0.0,0.0,0.0,0.0,0.0,0.0,0.0,0.0,0.0,1.0,0.0,0.0,0.0,0.0,0.0,0.0,0.0,0.0,0.0,0.0,0.0,0.0,1.0,0.0,0.0,0.0,0.0,,,,,S.Perine,1.0,,,,,,,0.0,,0.0,,,,First down,0.0
91,CIN,GB,25.0,1453.0,11.0,1.0,0,GB 25,10.0,78.0,(9:13) 16-J.Flacco pass short left to 1-J.Chase pushed ob at GB 19 for 6 yards (21-N.Hobbs).,pass,6.0,0.0,0.0,1.0,0.0,0.0,0.0,short,left,-1.0,7.0,,,,,,,0.0,,,,10.0,0.0,-10.0,-10.0,0.0,0.0,0.0,0.0,0.0,0.0,0.0,0.0,0.0,0.0,0.0,0.0,0.0,0.0,0.0,0.0,0.0,0.0,0.0,0.0,0.0,0.0,0.0,0.0,1.0,0.0,0.0,0.0,0.0,0.0,0.0,0.0,0.0,1.0,0.0,0.0,0.0,0.0,0.0,0.0,0.0,0.0,0.0,0.0,1.0,0.0,0.0,0.0,0.0,0.0,J.Flacco,6.0,J.Chase,6.0,,,,,,,,,0.0,,0.0,,,,First down,0.0
92,CIN,GB,19.0,1411.0,11.0,2.0,0,GB 19,4.0,78.0,"(8:31) (Shotgun) PENALTY on GB-1-M.Parsons, Neutral Zone Infraction, 5 yards, enforced at GB 19 - No Play.",no_play,0.0,1.0,0.0,0.0,0.0,0.0,0.0,,,,,,,,,,,0.0,,,,10.0,0.0,-10.0,-10.0,0.0,0.0,0.0,1.0,0.0,0.0,0.0,0.0,0.0,0.0,0.0,0.0,0.0,0.0,0.0,0.0,0.0,0.0,0.0,0.0,0.0,0.0,0.0,0.0,0.0,0.0,1.0,0.0,0.0,0.0,0.0,0.0,0.0,0.0,0.0,0.0,0.0,0.0,0.0,0.0,0.0,0.0,0.0,0.0,0.0,0.0,0.0,0.0,0.0,0.0,,,,,,,,,,,,,0.0,,0.0,GB,5.0,Neutral Zone Infraction,First down,0.0
93,CIN,GB,14.0,1386.0,11.0,1.0,0,GB 14,10.0,78.0,(8:06) (Shotgun) 16-J.Flacco pass incomplete short middle to 80-A.Iosivas.,pass,0.0,1.0,0.0,1.0,0.0,0.0,0.0,short,middle,4.0,,,,,,,,0.0,,,,10.0,0.0,-10.0,-10.0,0.0,0.0,0.0,0.0,0.0,0.0,0.0,0.0,1.0,0.0,0.0,0.0,0.0,0.0,0.0,0.0,0.0,0.0,0.0,0.0,0.0,0.0,0.0,0.0,0.0,0.0,0.0,0.0,0.0,0.0,0.0,0.0,0.0,1.0,0.0,0.0,0.0,0.0,0.0,0.0,0.0,0.0,0.0,0.0,0.0,0.0,0.0,0.0,0.0,0.0,J.Flacco,,A.Iosivas,,,,,,,,,,0.0,,0.0,,,,First down,0.0
94,CIN,GB,14.0,1381.0,11.0,2.0,0,GB 14,10.0,78.0,(8:01) (Shotgun) 16-J.Flacco pass short middle to 5-T.Higgins to GB 1 for 13 yards (29-X.McKinney). CIN-5-T.Higgins was injured during the play.,pass,13.0,1.0,0.0,1.0,0.0,0.0,0.0,short,middle,10.0,3.0,,,,,,,0.0,,,,10.0,0.0,-10.0,-10.0,0.0,0.0,1.0,0.0,0.0,0.0,0.0,0.0,0.0,0.0,0.0,0.0,0.0,0.0,0.0,0.0,0.0,0.0,0.0,0.0,0.0,0.0,0.0,0.0,1.0,0.0,0.0,0.0,0.0,0.0,0.0,0.0,0.0,1.0,0.0,0.0,0.0,0.0,0.0,0.0,0.0,0.0,0.0,0.0,1.0,0.0,0.0,0.0,0.0,0.0,J.Flacco,13.0,T.Higgins,13.0,,,,,,,,,0.0,,0.0,,,,First down,0.0
95,CIN,GB,1.0,1357.0,11.0,1.0,1,GB 1,1.0,78.0,"(7:37) (No Huddle, Shotgun) PENALTY on CIN-86-N.Fant, False Start, 4 yards, enforced at GB 1 - No Play.",no_play,0.0,1.0,1.0,0.0,0.0,0.0,0.0,,,,,,,,,,,0.0,,,,10.0,0.0,-10.0,-10.0,0.0,0.0,0.0,0.0,0.0,0.0,0.0,0.0,0.0,0.0,0.0,0.0,0.0,0.0,0.0,0.0,0.0,0.0,0.0,0.0,0.0,0.0,0.0,0.0,0.0,0.0,1.0,0.0,0.0,0.0,0.0,0.0,0.0,0.0,0.0,0.0,0.0,0.0,0.0,0.0,0.0,0.0,0.0,0.0,0.0,0.0,0.0,0.0,0.0,0.0,,,,,,,,,,,,,0.0,,0.0,CIN,4.0,False Start,Touchdown,0.0
96,CIN,GB,5.0,1322.0,11.0,1.0,1,GB 5,5.0,78.0,(7:02) (Shotgun) 30-C.Brown up the middle to GB 4 for 1 yard (7-Q.Walker).,run,1.0,1.0,0.0,0.0,0.0,0.0,0.0,,,,,middle,,,,,,0.0,,,,10.0,0.0,-10.0,-10.0,0.0,0.0,0.0,0.0,0.0,0.0,0.0,0.0,0.0,0.0,0.0,0.0,0.0,0.0,0.0,0.0,0.0,0.0,0.0,0.0,0.0,0.0,0.0,0.0,1.0,0.0,0.0,0.0,0.0,0.0,0.0,0.0,1.0,0.0,0.0,0.0,0.0,0.0,0.0,0.0,0.0,0.0,0.0,0.0,0.0,0.0,0.0,0.0,0.0,0.0,,,,,C.Brown,1.0,,,,,,,0.0,,0.0,,,,Touchdown,0.0
97,CIN,GB,4.0,1279.0,11.0,2.0,1,GB 4,4.0,78.0,(6:19) (Shotgun) 16-J.Flacco sacked at GB 10 for -6 yards (90-L.Van Ness).,pass,-6.0,1.0,0.0,1.0,0.0,0.0,0.0,,,,,,,,,,,0.0,,,,10.0,0.0,-10.0,-10.0,0.0,0.0,0.0,0.0,0.0,0.0,0.0,0.0,0.0,0.0,0.0,0.0,0.0,0.0,0.0,0.0,0.0,0.0,0.0,0.0,0.0,0.0,0.0,0.0,1.0,0.0,0.0,0.0,0.0,0.0,0.0,1.0,0.0,1.0,1.0,0.0,0.0,0.0,0.0,0.0,0.0,0.0,0.0,0.0,0.0,0.0,0.0,0.0,0.0,0.0,J.Flacco,,,,,,,,,,,,0.0,,0.0,,,,Touchdown,0.0
98,,,,1236.0,11.0,,0,GB 10,0.0,78.0,Timeout #1 by CIN at 05:36.,no_play,0.0,0.0,0.0,0.0,0.0,0.0,0.0,,,,,,,,,,,1.0,CIN,,,10.0,0.0,,,0.0,0.0,0.0,0.0,0.0,0.0,0.0,0.0,0.0,0.0,0.0,0.0,0.0,0.0,0.0,0.0,0.0,0.0,0.0,0.0,0.0,0.0,0.0,0.0,0.0,0.0,0.0,0.0,0.0,0.0,0.0,0.0,0.0,0.0,0.0,0.0,0.0,0.0,0.0,0.0,0.0,0.0,0.0,0.0,0.0,0.0,0.0,0.0,0.0,0.0,,,,,,,,,,,,,0.0,,0.0,,,,Touchdown,0.0
99,CIN,GB,10.0,1236.0,11.0,3.0,1,GB 10,10.0,78.0,(5:36) (Shotgun) 16-J.Flacco pass short middle to 87-T.Hudson to GB 2 for 8 yards (56-E.Cooper; 7-Q.Walker).,pass,8.0,1.0,0.0,1.0,0.0,0.0,0.0,short,middle,3.0,5.0,,,,,,,0.0,,,,10.0,0.0,-10.0,-10.0,0.0,0.0,0.0,0.0,0.0,1.0,0.0,0.0,0.0,0.0,0.0,0.0,0.0,0.0,0.0,0.0,0.0,0.0,0.0,0.0,0.0,0.0,0.0,0.0,0.0,0.0,0.0,0.0,0.0,0.0,0.0,0.0,0.0,1.0,0.0,0.0,0.0,0.0,0.0,0.0,0.0,0.0,0.0,0.0,1.0,1.0,0.0,0.0,0.0,0.0,J.Flacco,8.0,T.Hudson,8.0,,,,,,,,,0.0,,0.0,,,,Touchdown,0.0
100,CIN,GB,2.0,1190.0,11.0,4.0,1,GB 2,2.0,78.0,"(4:50) (Shotgun) 16-J.Flacco pass short middle to 87-T.Hudson for 2 yards, TOUCHDOWN. Penalty on GB-21-N.Hobbs, Defensive Holding, declined.",pass,2.0,1.0,0.0,1.0,0.0,0.0,0.0,short,middle,2.0,0.0,,,,,,,0.0,,CIN,T.Hudson,10.0,6.0,-10.0,-4.0,0.0,0.0,1.0,0.0,0.0,0.0,1.0,0.0,0.0,0.0,0.0,0.0,0.0,0.0,0.0,0.0,0.0,0.0,0.0,0.0,0.0,0.0,0.0,0.0,0.0,0.0,0.0,0.0,0.0,0.0,0.0,0.0,0.0,1.0,0.0,1.0,1.0,0.0,0.0,0.0,0.0,0.0,0.0,0.0,1.0,0.0,0.0,0.0,0.0,0.0,J.Flacco,2.0,T.Hudson,2.0,,,,,,,,,0.0,,0.0,,,,Touchdown,0.0
101,CIN,GB,15.0,1186.0,11.0,,0,GB 15,0.0,78.0,"2-E.McPherson extra point is GOOD, Center-46-W.Wagner, Holder-8-R.Rehkow.",extra_point,0.0,0.0,0.0,0.0,0.0,0.0,0.0,,,,,,,,33.0,good,,0.0,,,,10.0,7.0,-4.0,-3.0,0.0,0.0,0.0,0.0,0.0,0.0,0.0,0.0,0.0,0.0,0.0,0.0,0.0,0.0,0.0,0.0,0.0,0.0,0.0,0.0,0.0,0.0,0.0,0.0,0.0,0.0,0.0,0.0,0.0,0.0,0.0,0.0,0.0,0.0,0.0,0.0,0.0,0.0,1.0,0.0,0.0,0.0,0.0,0.0,0.0,0.0,0.0,0.0,0.0,0.0,,,,,,,,,,,,E.McPherson,0.0,,0.0,,,,Touchdown,1.0
102,GB,CIN,35.0,1186.0,12.0,,0,CIN 35,0.0,66.0,2-E.McPherson kicks 63 yards from CIN 35 to GB 2. 83-S.Williams ran ob at GB 34 for 32 yards (23-D.Hill).,kickoff,0.0,0.0,0.0,0.0,0.0,0.0,0.0,,,,,,,,63.0,,,0.0,,,,10.0,7.0,3.0,3.0,0.0,0.0,0.0,0.0,0.0,0.0,0.0,0.0,0.0,0.0,0.0,0.0,0.0,0.0,0.0,0.0,0.0,0.0,0.0,0.0,0.0,0.0,0.0,0.0,1.0,0.0,0.0,0.0,0.0,0.0,0.0,0.0,0.0,0.0,0.0,0.0,0.0,0.0,0.0,0.0,0.0,1.0,0.0,0.0,0.0,0.0,0.0,0.0,0.0,0.0,,,,,,,,,,,,E.McPherson,0.0,GB,32.0,,,,First down,1.0
103,GB,GB,66.0,1181.0,12.0,1.0,0,GB 34,10.0,66.0,(4:41) (Shotgun) 16-B.Melton left end pushed ob at GB 37 for 3 yards (22-G.Stone).,run,3.0,1.0,0.0,0.0,0.0,0.0,0.0,,,,,left,end,,,,,0.0,,,,10.0,7.0,3.0,3.0,0.0,0.0,0.0,0.0,0.0,0.0,0.0,0.0,0.0,0.0,0.0,0.0,0.0,0.0,0.0,0.0,0.0,0.0,0.0,0.0,0.0,0.0,0.0,0.0,1.0,0.0,0.0,0.0,0.0,0.0,0.0,0.0,1.0,0.0,0.0,0.0,0.0,0.0,0.0,0.0,0.0,0.0,0.0,0.0,0.0,0.0,0.0,0.0,0.0,0.0,,,,,B.Melton,3.0,,,,,,,0.0,,0.0,,,,First down,0.0
104,GB,GB,63.0,1139.0,12.0,2.0,0,GB 37,7.0,66.0,(3:59) (Shotgun) 10-J.Love pass short middle to 87-R.Doubs to GB 45 for 8 yards (20-D.Turner; 44-D.Knight).,pass,8.0,1.0,0.0,1.0,0.0,0.0,0.0,short,middle,7.0,1.0,,,,,,,0.0,,,,10.0,7.0,3.0,3.0,0.0,0.0,1.0,0.0,0.0,0.0,0.0,0.0,0.0,0.0,0.0,0.0,0.0,0.0,0.0,0.0,0.0,0.0,0.0,0.0,0.0,0.0,0.0,0.0,0.0,0.0,0.0,0.0,0.0,0.0,0.0,0.0,0.0,1.0,0.0,0.0,0.0,0.0,0.0,0.0,0.0,0.0,0.0,0.0,1.0,1.0,0.0,0.0,0.0,0.0,J.Love,8.0,R.Doubs,8.0,,,,,,,,,0.0,,0.0,,,,First down,0.0
105,GB,GB,55.0,1102.0,12.0,1.0,0,GB 45,10.0,66.0,(3:22) (Shotgun) 8-J.Jacobs right guard to CIN 44 for 11 yards (23-D.Hill; 27-J.Battle).,run,11.0,1.0,0.0,0.0,0.0,0.0,0.0,,,,,right,guard,,,,,0.0,,,,10.0,7.0,3.0,3.0,0.0,1.0,0.0,0.0,0.0,0.0,0.0,0.0,0.0,0.0,0.0,0.0,0.0,0.0,0.0,0.0,0.0,0.0,0.0,0.0,0.0,0.0,0.0,0.0,0.0,0.0,0.0,0.0,0.0,0.0,0.0,0.0,1.0,0.0,0.0,0.0,0.0,0.0,0.0,0.0,0.0,0.0,0.0,0.0,0.0,1.0,0.0,0.0,0.0,0.0,,,,,J.Jacobs,11.0,,,,,,,0.0,,0.0,,,,First down,0.0
106,GB,CIN,44.0,1062.0,12.0,1.0,0,CIN 44,10.0,66.0,(2:42) 8-J.Jacobs up the middle to CIN 41 for 3 yards (98-T.Slaton).,run,3.0,0.0,0.0,0.0,0.0,0.0,0.0,,,,,middle,,,,,,0.0,,,,10.0,7.0,3.0,3.0,0.0,0.0,0.0,0.0,0.0,0.0,0.0,0.0,0.0,0.0,0.0,0.0,0.0,0.0,0.0,0.0,0.0,0.0,0.0,0.0,0.0,0.0,0.0,0.0,1.0,0.0,0.0,0.0,0.0,0.0,0.0,0.0,1.0,0.0,0.0,0.0,0.0,0.0,0.0,0.0,0.0,0.0,0.0,0.0,0.0,0.0,0.0,0.0,0.0,0.0,,,,,J.Jacobs,3.0,,,,,,,0.0,,0.0,,,,First down,0.0
107,GB,CIN,41.0,1022.0,12.0,2.0,0,CIN 41,7.0,66.0,(2:02) (Shotgun) 10-J.Love pass short right to 87-R.Doubs to CIN 29 for 12 yards (27-J.Battle).,pass,12.0,1.0,0.0,1.0,0.0,0.0,0.0,short,right,5.0,7.0,,,,,,,0.0,,,,10.0,7.0,3.0,3.0,0.0,0.0,1.0,0.0,0.0,0.0,0.0,0.0,0.0,0.0,0.0,0.0,0.0,0.0,0.0,0.0,0.0,0.0,0.0,0.0,0.0,0.0,0.0,0.0,1.0,0.0,0.0,0.0,0.0,0.0,0.0,0.0,0.0,1.0,0.0,0.0,0.0,0.0,0.0,0.0,0.0,0.0,0.0,0.0,1.0,0.0,0.0,0.0,0.0,0.0,J.Love,12.0,R.Doubs,12.0,,,,,,,,,0.0,,0.0,,,,First down,0.0
108,GB,CIN,29.0,978.0,12.0,1.0,0,CIN 29,10.0,66.0,(1:18) (Shotgun) 10-J.Love pass short middle to 88-L.Musgrave to CIN 22 for 7 yards (44-D.Knight).,pass,7.0,1.0,0.0,1.0,0.0,0.0,0.0,short,middle,6.0,1.0,,,,,,,0.0,,,,10.0,7.0,3.0,3.0,0.0,0.0,0.0,0.0,0.0,0.0,0.0,0.0,0.0,0.0,0.0,0.0,0.0,0.0,0.0,0.0,0.0,0.0,0.0,0.0,0.0,0.0,0.0,0.0,1.0,0.0,0.0,0.0,0.0,0.0,0.0,0.0,0.0,1.0,0.0,0.0,0.0,0.0,0.0,0.0,0.0,0.0,0.0,0.0,1.0,0.0,0.0,0.0,0.0,0.0,J.Love,7.0,L.Musgrave,7.0,,,,,,,,,0.0,,0.0,,,,First down,0.0
109,GB,CIN,22.0,943.0,12.0,2.0,0,CIN 22,3.0,66.0,(:43) (Shotgun) 8-J.Jacobs left guard to CIN 17 for 5 yards (69-M.Pennel).,run,5.0,1.0,0.0,0.0,0.0,0.0,0.0,,,,,left,guard,,,,,0.0,,,,10.0,7.0,3.0,3.0,0.0,1.0,0.0,0.0,0.0,0.0,0.0,0.0,0.0,0.0,0.0,0.0,0.0,0.0,0.0,0.0,0.0,0.0,0.0,0.0,0.0,0.0,0.0,0.0,1.0,0.0,0.0,0.0,0.0,0.0,0.0,0.0,1.0,0.0,0.0,0.0,0.0,0.0,0.0,0.0,0.0,0.0,0.0,0.0,0.0,0.0,0.0,0.0,0.0,0.0,,,,,J.Jacobs,5.0,,,,,,,0.0,,0.0,,,,First down,0.0
110,GB,CIN,17.0,905.0,12.0,1.0,0,CIN 17,10.0,66.0,(:05) (Shotgun) 8-J.Jacobs up the middle to CIN 14 for 3 yards (69-M.Pennel; 44-D.Knight).,run,3.0,1.0,0.0,0.0,0.0,0.0,0.0,,,,,middle,,,,,,0.0,,,,10.0,7.0,3.0,3.0,0.0,0.0,0.0,0.0,0.0,0.0,0.0,0.0,0.0,0.0,0.0,0.0,0.0,0.0,0.0,0.0,0.0,0.0,0.0,0.0,0.0,0.0,0.0,0.0,0.0,0.0,0.0,0.0,0.0,0.0,0.0,0.0,1.0,0.0,0.0,0.0,0.0,0.0,0.0,0.0,0.0,0.0,0.0,0.0,0.0,1.0,0.0,0.0,0.0,0.0,,,,,J.Jacobs,3.0,,,,,,,0.0,,0.0,,,,Touchdown,0.0
111,GB,,,900.0,12.0,,0,CIN 14,0.0,66.0,END QUARTER 3,,,0.0,0.0,,0.0,0.0,0.0,,,,,,,,,,,,,,,10.0,7.0,3.0,3.0,,,,,,,,,,0.0,,,,,,,,,,,,,,,,,,,,,,,,,,,,,,,,,,,,,,,,,,,,,,,,,,,,,,,,,,,Touchdown,0.0
112,GB,CIN,14.0,900.0,12.0,2.0,0,CIN 14,7.0,66.0,"(15:00) 8-J.Jacobs up the middle for 14 yards, TOUCHDOWN.",run,14.0,0.0,0.0,0.0,0.0,0.0,0.0,,,,,middle,,,,,,0.0,,GB,J.Jacobs,16.0,7.0,3.0,9.0,0.0,1.0,0.0,0.0,0.0,0.0,0.0,0.0,0.0,0.0,0.0,0.0,0.0,0.0,0.0,0.0,0.0,0.0,0.0,0.0,0.0,0.0,0.0,0.0,0.0,0.0,0.0,0.0,0.0,0.0,0.0,0.0,1.0,0.0,0.0,1.0,0.0,1.0,0.0,0.0,0.0,0.0,0.0,0.0,0.0,0.0,0.0,0.0,0.0,0.0,,,,,J.Jacobs,14.0,,,,,,,0.0,,0.0,,,,Touchdown,0.0
113,GB,CIN,15.0,896.0,12.0,,0,CIN 15,0.0,66.0,"35-L.Havrisik extra point is GOOD, Center-42-M.Orzech, Holder-19-D.Whelan.",extra_point,0.0,0.0,0.0,0.0,0.0,0.0,0.0,,,,,,,,33.0,good,,0.0,,,,17.0,7.0,9.0,10.0,0.0,0.0,0.0,0.0,0.0,0.0,0.0,0.0,0.0,0.0,0.0,0.0,0.0,0.0,0.0,0.0,0.0,0.0,0.0,0.0,0.0,0.0,0.0,0.0,0.0,0.0,0.0,0.0,0.0,0.0,0.0,0.0,0.0,0.0,0.0,0.0,0.0,0.0,1.0,0.0,0.0,0.0,0.0,0.0,0.0,0.0,0.0,0.0,0.0,0.0,,,,,,,,,,,,L.Havrisik,0.0,,0.0,,,,Touchdown,1.0
114,CIN,GB,35.0,896.0,13.0,,0,GB 35,0.0,50.0,35-L.Havrisik kicks 62 yards from GB 35 to CIN 3. 15-C.Jones to CIN 23 for 20 yards (39-Z.Anderson; 30-C.Brooks).,kickoff,0.0,0.0,0.0,0.0,0.0,0.0,0.0,,,,,,,,62.0,,,0.0,,,,17.0,7.0,-10.0,-10.0,0.0,0.0,0.0,0.0,0.0,0.0,0.0,0.0,0.0,0.0,0.0,0.0,0.0,0.0,0.0,0.0,0.0,0.0,0.0,0.0,0.0,0.0,0.0,0.0,0.0,0.0,0.0,0.0,0.0,0.0,0.0,0.0,0.0,0.0,0.0,0.0,0.0,0.0,0.0,0.0,0.0,1.0,0.0,0.0,0.0,1.0,0.0,0.0,0.0,0.0,,,,,,,,,,,,L.Havrisik,0.0,CIN,20.0,,,,First down,1.0
115,CIN,CIN,77.0,890.0,13.0,1.0,0,CIN 23,10.0,50.0,(14:50) (Shotgun) 16-J.Flacco pass deep right to 1-J.Chase to CIN 41 for 18 yards (25-K.Nixon).,pass,18.0,1.0,0.0,1.0,0.0,0.0,0.0,deep,right,17.0,1.0,,,,,,,0.0,,,,17.0,7.0,-10.0,-10.0,0.0,0.0,1.0,0.0,0.0,0.0,0.0,0.0,0.0,0.0,0.0,0.0,0.0,0.0,0.0,0.0,0.0,0.0,0.0,0.0,0.0,0.0,0.0,0.0,1.0,0.0,0.0,0.0,0.0,0.0,0.0,0.0,0.0,1.0,0.0,0.0,0.0,0.0,0.0,0.0,0.0,0.0,0.0,0.0,1.0,0.0,0.0,0.0,0.0,0.0,J.Flacco,18.0,J.Chase,18.0,,,,,,,,,0.0,,0.0,,,,First down,0.0
116,CIN,CIN,59.0,850.0,13.0,1.0,0,CIN 41,10.0,50.0,"(14:10) 30-C.Brown left end to CIN 40 for -1 yards (33-E.Williams, 58-I.McDuffie).",run,-1.0,0.0,0.0,0.0,0.0,0.0,0.0,,,,,left,end,,,,,0.0,,,,17.0,7.0,-10.0,-10.0,0.0,0.0,0.0,0.0,0.0,0.0,0.0,0.0,0.0,0.0,0.0,0.0,0.0,0.0,0.0,0.0,0.0,0.0,0.0,0.0,0.0,0.0,0.0,0.0,0.0,0.0,0.0,1.0,0.0,0.0,0.0,0.0,1.0,0.0,0.0,0.0,0.0,0.0,0.0,0.0,0.0,0.0,0.0,0.0,0.0,1.0,0.0,0.0,0.0,0.0,,,,,C.Brown,-1.0,,,,,,,1.0,,0.0,,,,First down,0.0
117,CIN,CIN,60.0,816.0,13.0,2.0,0,CIN 40,11.0,50.0,(13:36) (Shotgun) 16-J.Flacco pass short left to 1-J.Chase to CIN 45 for 5 yards (56-E.Cooper).,pass,5.0,1.0,0.0,1.0,0.0,0.0,0.0,short,left,5.0,0.0,,,,,,,0.0,,,,17.0,7.0,-10.0,-10.0,0.0,0.0,0.0,0.0,0.0,0.0,0.0,0.0,0.0,0.0,0.0,0.0,0.0,0.0,0.0,0.0,0.0,0.0,0.0,0.0,0.0,0.0,0.0,0.0,1.0,0.0,0.0,0.0,0.0,0.0,0.0,0.0,0.0,1.0,0.0,0.0,0.0,0.0,0.0,0.0,0.0,0.0,0.0,0.0,1.0,0.0,0.0,0.0,0.0,0.0,J.Flacco,5.0,J.Chase,5.0,,,,,,,,,0.0,,0.0,,,,First down,0.0
118,CIN,CIN,55.0,780.0,13.0,3.0,0,CIN 45,6.0,50.0,(13:00) (Shotgun) 16-J.Flacco pass short left to 5-T.Higgins to GB 48 for 7 yards (24-C.Valentine) [99-B.Sorrell].,pass,7.0,1.0,0.0,1.0,0.0,0.0,0.0,short,left,6.0,1.0,,,,,,,0.0,,,,17.0,7.0,-10.0,-10.0,0.0,0.0,1.0,0.0,1.0,0.0,0.0,0.0,0.0,0.0,0.0,0.0,0.0,0.0,0.0,0.0,0.0,0.0,0.0,0.0,0.0,0.0,0.0,0.0,1.0,0.0,0.0,0.0,0.0,0.0,0.0,1.0,0.0,1.0,0.0,0.0,0.0,0.0,0.0,0.0,0.0,0.0,0.0,0.0,1.0,0.0,0.0,0.0,0.0,0.0,J.Flacco,7.0,T.Higgins,7.0,,,,,,,,,0.0,,0.0,,,,First down,0.0
119,CIN,GB,48.0,736.0,13.0,1.0,0,GB 48,10.0,50.0,(12:16) (Shotgun) 16-J.Flacco pass short left to 5-T.Higgins to GB 29 for 19 yards (29-X.McKinney).,pass,19.0,1.0,0.0,1.0,0.0,0.0,0.0,short,left,14.0,5.0,,,,,,,0.0,,,,17.0,7.0,-10.0,-10.0,0.0,0.0,1.0,0.0,0.0,0.0,0.0,0.0,0.0,0.0,0.0,0.0,0.0,0.0,0.0,0.0,0.0,0.0,0.0,0.0,0.0,0.0,0.0,0.0,1.0,0.0,0.0,0.0,0.0,0.0,0.0,0.0,0.0,1.0,0.0,0.0,0.0,0.0,0.0,0.0,0.0,0.0,0.0,0.0,1.0,0.0,0.0,0.0,0.0,0.0,J.Flacco,19.0,T.Higgins,19.0,,,,,,,,,0.0,,0.0,,,,First down,0.0
120,CIN,GB,29.0,694.0,13.0,1.0,0,GB 29,10.0,50.0,(11:34) (Shotgun) 16-J.Flacco pass incomplete short left to 89-D.Sample.,pass,0.0,1.0,0.0,1.0,0.0,0.0,0.0,short,left,-1.0,,,,,,,,0.0,,,,17.0,7.0,-10.0,-10.0,0.0,0.0,0.0,0.0,0.0,0.0,0.0,0.0,1.0,0.0,0.0,0.0,0.0,0.0,0.0,0.0,0.0,0.0,0.0,0.0,0.0,0.0,0.0,0.0,0.0,0.0,0.0,0.0,0.0,0.0,0.0,0.0,0.0,1.0,0.0,0.0,0.0,0.0,0.0,0.0,0.0,0.0,0.0,0.0,0.0,0.0,0.0,0.0,0.0,0.0,J.Flacco,,D.Sample,,,,,,,,,,0.0,,0.0,,,,Field goal,0.0
121,CIN,GB,29.0,690.0,13.0,2.0,0,GB 29,10.0,50.0,(11:30) (Shotgun) 16-J.Flacco pass short left to 30-C.Brown to GB 27 for 2 yards (1-M.Parsons; 56-E.Cooper).,pass,2.0,1.0,0.0,1.0,0.0,0.0,0.0,short,left,-4.0,6.0,,,,,,,0.0,,,,17.0,7.0,-10.0,-10.0,0.0,0.0,0.0,0.0,0.0,0.0,0.0,0.0,0.0,0.0,0.0,0.0,0.0,0.0,0.0,0.0,0.0,0.0,0.0,0.0,0.0,0.0,0.0,0.0,0.0,0.0,0.0,0.0,0.0,0.0,0.0,0.0,0.0,1.0,0.0,0.0,0.0,0.0,0.0,0.0,0.0,0.0,0.0,0.0,1.0,1.0,0.0,0.0,0.0,0.0,J.Flacco,2.0,C.Brown,2.0,,,,,,,,,0.0,,0.0,,,,Field goal,0.0
122,CIN,GB,27.0,651.0,13.0,3.0,0,GB 27,8.0,50.0,(10:51) (Shotgun) 16-J.Flacco pass incomplete short middle to 80-A.Iosivas.,pass,0.0,1.0,0.0,1.0,0.0,0.0,0.0,short,middle,7.0,,,,,,,,0.0,,,,17.0,7.0,-10.0,-10.0,0.0,0.0,0.0,0.0,0.0,1.0,0.0,0.0,1.0,0.0,0.0,0.0,0.0,0.0,0.0,0.0,0.0,0.0,0.0,0.0,0.0,0.0,0.0,0.0,0.0,0.0,0.0,0.0,0.0,0.0,0.0,0.0,0.0,1.0,0.0,0.0,0.0,0.0,0.0,0.0,0.0,0.0,0.0,0.0,0.0,0.0,0.0,0.0,0.0,0.0,J.Flacco,,A.Iosivas,,,,,,,,,,0.0,,0.0,,,,Field goal,0.0
123,CIN,GB,27.0,647.0,13.0,4.0,0,GB 27,8.0,50.0,"(10:47) 2-E.McPherson 45 yard field goal is GOOD, Center-46-W.Wagner, Holder-8-R.Rehkow.",field_goal,0.0,0.0,0.0,0.0,0.0,0.0,0.0,,,,,,,made,45.0,,,0.0,,,,17.0,10.0,-10.0,-7.0,0.0,0.0,0.0,0.0,0.0,0.0,0.0,0.0,0.0,0.0,0.0,0.0,0.0,0.0,0.0,0.0,0.0,0.0,0.0,0.0,0.0,0.0,0.0,0.0,0.0,0.0,0.0,0.0,0.0,0.0,0.0,0.0,0.0,0.0,0.0,0.0,0.0,0.0,0.0,0.0,1.0,0.0,0.0,0.0,0.0,0.0,0.0,0.0,0.0,0.0,,,,,,,,,,,,E.McPherson,0.0,,0.0,,,,Field goal,0.0
124,GB,CIN,35.0,643.0,14.0,,0,CIN 35,0.0,62.0,2-E.McPherson kicks 63 yards from CIN 35 to GB 2. 16-B.Melton to GB 38 for 36 yards (50-S.Heyward).,kickoff,0.0,0.0,0.0,0.0,0.0,0.0,0.0,,,,,,,,63.0,,,0.0,,,,17.0,10.0,7.0,7.0,0.0,0.0,0.0,0.0,0.0,0.0,0.0,0.0,0.0,0.0,0.0,0.0,0.0,0.0,0.0,0.0,0.0,0.0,0.0,0.0,0.0,0.0,0.0,0.0,1.0,0.0,0.0,0.0,0.0,0.0,0.0,0.0,0.0,0.0,0.0,0.0,0.0,0.0,0.0,0.0,0.0,1.0,0.0,0.0,0.0,0.0,0.0,0.0,0.0,0.0,,,,,,,,,,,,E.McPherson,0.0,GB,36.0,,,,First down,1.0
125,GB,GB,62.0,637.0,14.0,1.0,0,GB 38,10.0,62.0,(10:37) 10-J.Love pass short left to 87-R.Doubs pushed ob at CIN 47 for 15 yards (20-D.Turner).,pass,15.0,0.0,0.0,1.0,0.0,0.0,0.0,short,left,13.0,2.0,,,,,,,0.0,,,,17.0,10.0,7.0,7.0,0.0,0.0,1.0,0.0,0.0,0.0,0.0,0.0,0.0,0.0,0.0,0.0,0.0,0.0,0.0,0.0,0.0,0.0,0.0,0.0,0.0,0.0,0.0,0.0,1.0,0.0,0.0,0.0,0.0,0.0,0.0,0.0,0.0,1.0,0.0,0.0,0.0,0.0,0.0,0.0,0.0,0.0,0.0,0.0,1.0,0.0,0.0,0.0,0.0,0.0,J.Love,15.0,R.Doubs,15.0,,,,,,,,,0.0,,0.0,,,,First down,0.0
126,GB,CIN,47.0,592.0,14.0,1.0,0,CIN 47,10.0,62.0,(9:52) 10-J.Love pass incomplete short left to 0-M.Golden (20-D.Turner).,pass,0.0,0.0,0.0,1.0,0.0,0.0,0.0,short,left,14.0,,,,,,,,0.0,,,,17.0,10.0,7.0,7.0,0.0,0.0,0.0,0.0,0.0,0.0,0.0,0.0,1.0,0.0,0.0,0.0,0.0,0.0,0.0,0.0,0.0,0.0,0.0,0.0,0.0,0.0,0.0,0.0,0.0,0.0,0.0,0.0,0.0,0.0,0.0,0.0,0.0,1.0,0.0,0.0,0.0,0.0,0.0,0.0,0.0,0.0,0.0,0.0,0.0,0.0,0.0,0.0,0.0,0.0,J.Love,,M.Golden,,,,,,,,,,0.0,,0.0,,,,First down,0.0
127,GB,CIN,47.0,587.0,14.0,2.0,0,CIN 47,10.0,62.0,(9:47) 10-J.Love pass short middle to 8-J.Jacobs to CIN 38 for 9 yards (49-B.Carter).,pass,9.0,0.0,0.0,1.0,0.0,0.0,0.0,short,middle,4.0,5.0,,,,,,,0.0,,,,17.0,10.0,7.0,7.0,0.0,0.0,0.0,0.0,0.0,0.0,0.0,0.0,0.0,0.0,0.0,0.0,0.0,0.0,0.0,0.0,0.0,0.0,0.0,0.0,0.0,0.0,0.0,0.0,1.0,0.0,0.0,0.0,0.0,0.0,0.0,0.0,0.0,1.0,0.0,0.0,0.0,0.0,0.0,0.0,0.0,0.0,0.0,0.0,1.0,0.0,0.0,0.0,0.0,0.0,J.Love,9.0,J.Jacobs,9.0,,,,,,,,,0.0,,0.0,,,,First down,0.0
128,GB,CIN,38.0,547.0,14.0,3.0,0,CIN 38,1.0,62.0,(9:07) 10-J.Love scrambles up the middle to CIN 35 for 3 yards (99-M.Murphy).,run,3.0,0.0,0.0,1.0,0.0,0.0,1.0,,,,,middle,,,,,,0.0,,,,17.0,10.0,7.0,7.0,0.0,1.0,0.0,0.0,1.0,0.0,0.0,0.0,0.0,0.0,0.0,0.0,0.0,0.0,0.0,0.0,0.0,0.0,0.0,0.0,0.0,0.0,0.0,0.0,1.0,0.0,0.0,0.0,0.0,0.0,0.0,0.0,1.0,0.0,0.0,0.0,0.0,0.0,0.0,0.0,0.0,0.0,0.0,0.0,0.0,0.0,0.0,0.0,0.0,0.0,,,,,J.Love,3.0,,,,,,,0.0,,0.0,,,,First down,0.0
129,GB,CIN,35.0,504.0,14.0,1.0,0,CIN 35,10.0,62.0,(8:24) 8-J.Jacobs right end pushed ob at CIN 19 for 16 yards (27-J.Battle).,run,16.0,0.0,0.0,0.0,0.0,0.0,0.0,,,,,right,end,,,,,0.0,,,,17.0,10.0,7.0,7.0,0.0,1.0,0.0,0.0,0.0,0.0,0.0,0.0,0.0,0.0,0.0,0.0,0.0,0.0,0.0,0.0,0.0,0.0,0.0,0.0,0.0,0.0,0.0,0.0,1.0,0.0,0.0,0.0,0.0,0.0,0.0,0.0,1.0,0.0,0.0,0.0,0.0,0.0,0.0,0.0,0.0,0.0,0.0,0.0,0.0,0.0,0.0,0.0,0.0,0.0,,,,,J.Jacobs,16.0,,,,,,,0.0,,0.0,,,,First down,0.0
130,GB,CIN,19.0,462.0,14.0,1.0,0,CIN 19,10.0,62.0,"(7:42) 10-J.Love pass short right to 85-T.Kraft for 19 yards, TOUCHDOWN.",pass,19.0,0.0,0.0,1.0,0.0,0.0,0.0,short,right,1.0,18.0,,,,,,,0.0,,GB,T.Kraft,23.0,10.0,7.0,13.0,0.0,0.0,1.0,0.0,0.0,0.0,0.0,0.0,0.0,0.0,0.0,0.0,0.0,0.0,0.0,0.0,0.0,0.0,0.0,0.0,0.0,0.0,0.0,0.0,0.0,0.0,0.0,0.0,0.0,0.0,0.0,0.0,0.0,1.0,0.0,1.0,1.0,0.0,0.0,0.0,0.0,0.0,0.0,0.0,1.0,0.0,0.0,0.0,0.0,0.0,J.Love,19.0,T.Kraft,19.0,,,,,,,,,0.0,,0.0,,,,Touchdown,0.0
131,GB,CIN,15.0,453.0,14.0,,0,CIN 15,0.0,62.0,"35-L.Havrisik extra point is GOOD, Center-42-M.Orzech, Holder-19-D.Whelan.",extra_point,0.0,0.0,0.0,0.0,0.0,0.0,0.0,,,,,,,,33.0,good,,0.0,,,,24.0,10.0,13.0,14.0,0.0,0.0,0.0,0.0,0.0,0.0,0.0,0.0,0.0,0.0,0.0,0.0,0.0,0.0,0.0,0.0,0.0,0.0,0.0,0.0,0.0,0.0,0.0,0.0,0.0,0.0,0.0,0.0,0.0,0.0,0.0,0.0,0.0,0.0,0.0,0.0,0.0,0.0,1.0,0.0,0.0,0.0,0.0,0.0,0.0,0.0,0.0,0.0,0.0,0.0,,,,,,,,,,,,L.Havrisik,0.0,,0.0,,,,Touchdown,1.0
132,CIN,GB,35.0,453.0,15.0,,0,GB 35,0.0,65.0,"35-L.Havrisik kicks 65 yards from GB 35 to end zone, Touchback to the CIN 35.",kickoff,0.0,0.0,0.0,0.0,0.0,0.0,0.0,,,,,,,,65.0,,,0.0,,,,24.0,10.0,-14.0,-14.0,0.0,0.0,0.0,0.0,0.0,0.0,0.0,0.0,0.0,1.0,0.0,0.0,0.0,0.0,0.0,0.0,0.0,0.0,0.0,0.0,0.0,0.0,0.0,0.0,0.0,0.0,0.0,0.0,0.0,0.0,0.0,0.0,0.0,0.0,0.0,0.0,0.0,0.0,0.0,0.0,0.0,1.0,0.0,0.0,0.0,0.0,0.0,0.0,0.0,0.0,,,,,,,,,,,,L.Havrisik,0.0,CIN,0.0,,,,First down,1.0
133,CIN,CIN,65.0,453.0,15.0,1.0,0,CIN 35,10.0,65.0,(7:33) (Shotgun) 16-J.Flacco pass short middle to 1-J.Chase to CIN 44 for 9 yards (29-X.McKinney; 56-E.Cooper).,pass,9.0,1.0,0.0,1.0,0.0,0.0,0.0,short,middle,5.0,4.0,,,,,,,0.0,,,,24.0,10.0,-14.0,-14.0,0.0,0.0,0.0,0.0,0.0,0.0,0.0,0.0,0.0,0.0,0.0,0.0,0.0,0.0,0.0,0.0,0.0,0.0,0.0,0.0,0.0,0.0,0.0,0.0,0.0,0.0,0.0,0.0,0.0,0.0,0.0,0.0,0.0,1.0,0.0,0.0,0.0,0.0,0.0,0.0,0.0,0.0,0.0,0.0,1.0,1.0,0.0,0.0,0.0,0.0,J.Flacco,9.0,J.Chase,9.0,,,,,,,,,0.0,,0.0,,,,First down,0.0
134,CIN,CIN,56.0,420.0,15.0,2.0,0,CIN 44,1.0,65.0,(7:00) (Shotgun) 34-S.Perine right guard to CIN 47 for 3 yards (56-E.Cooper; 55-K.Enagbare).,run,3.0,1.0,0.0,0.0,0.0,0.0,0.0,,,,,right,guard,,,,,0.0,,,,24.0,10.0,-14.0,-14.0,0.0,1.0,0.0,0.0,0.0,0.0,0.0,0.0,0.0,0.0,0.0,0.0,0.0,0.0,0.0,0.0,0.0,0.0,0.0,0.0,0.0,0.0,0.0,0.0,0.0,0.0,0.0,0.0,0.0,0.0,0.0,0.0,1.0,0.0,0.0,0.0,0.0,0.0,0.0,0.0,0.0,0.0,0.0,0.0,0.0,1.0,0.0,0.0,0.0,0.0,,,,,S.Perine,3.0,,,,,,,0.0,,0.0,,,,First down,0.0
135,CIN,CIN,53.0,382.0,15.0,1.0,0,CIN 47,10.0,65.0,(6:22) (Shotgun) 16-J.Flacco pass short middle to 86-N.Fant to GB 46 for 7 yards (7-Q.Walker; 56-E.Cooper).,pass,7.0,1.0,0.0,1.0,0.0,0.0,0.0,short,middle,4.0,3.0,,,,,,,0.0,,,,24.0,10.0,-14.0,-14.0,0.0,0.0,0.0,0.0,0.0,0.0,0.0,0.0,0.0,0.0,0.0,0.0,0.0,0.0,0.0,0.0,0.0,0.0,0.0,0.0,0.0,0.0,0.0,0.0,0.0,0.0,0.0,0.0,0.0,0.0,0.0,0.0,0.0,1.0,0.0,0.0,0.0,0.0,0.0,0.0,0.0,0.0,0.0,0.0,1.0,1.0,0.0,0.0,0.0,0.0,J.Flacco,7.0,N.Fant,7.0,,,,,,,,,0.0,,0.0,,,,First down,0.0
136,CIN,GB,46.0,338.0,15.0,2.0,0,GB 46,3.0,65.0,"(5:38) (Shotgun) 16-J.Flacco pass incomplete short right to 1-J.Chase (25-K.Nixon). PENALTY on GB-25-K.Nixon, Defensive Pass Interference, 11 yards, enforced at GB 46 - No Play.",no_play,0.0,1.0,0.0,0.0,0.0,0.0,0.0,,,,,,,,,,,0.0,,,,24.0,10.0,-14.0,-14.0,0.0,0.0,0.0,1.0,0.0,0.0,0.0,0.0,0.0,0.0,0.0,0.0,0.0,0.0,0.0,0.0,0.0,0.0,0.0,0.0,0.0,0.0,0.0,0.0,0.0,0.0,1.0,0.0,0.0,0.0,0.0,0.0,0.0,0.0,0.0,0.0,0.0,0.0,0.0,0.0,0.0,0.0,0.0,0.0,0.0,0.0,0.0,0.0,0.0,0.0,,,,,,,,,,,,,0.0,,0.0,GB,11.0,Defensive Pass Interference,First down,0.0
137,CIN,GB,35.0,334.0,15.0,1.0,0,GB 35,10.0,65.0,(5:34) (Shotgun) 16-J.Flacco pass short right to 1-J.Chase pushed ob at GB 30 for 5 yards (25-K.Nixon).,pass,5.0,1.0,0.0,1.0,0.0,0.0,0.0,short,right,5.0,0.0,,,,,,,0.0,,,,24.0,10.0,-14.0,-14.0,0.0,0.0,0.0,0.0,0.0,0.0,0.0,0.0,0.0,0.0,0.0,0.0,0.0,0.0,0.0,0.0,0.0,0.0,0.0,0.0,0.0,0.0,0.0,0.0,1.0,0.0,0.0,0.0,0.0,0.0,0.0,0.0,0.0,1.0,0.0,0.0,0.0,0.0,0.0,0.0,0.0,0.0,0.0,0.0,1.0,0.0,0.0,0.0,0.0,0.0,J.Flacco,5.0,J.Chase,5.0,,,,,,,,,0.0,,0.0,,,,First down,0.0
138,CIN,GB,30.0,299.0,15.0,2.0,0,GB 30,5.0,65.0,(4:59) (Shotgun) 16-J.Flacco pass incomplete deep right to 5-T.Higgins (25-K.Nixon).,pass,0.0,1.0,0.0,1.0,0.0,0.0,0.0,deep,right,20.0,,,,,,,,0.0,,,,24.0,10.0,-14.0,-14.0,0.0,0.0,0.0,0.0,0.0,0.0,0.0,0.0,1.0,0.0,0.0,0.0,0.0,0.0,0.0,0.0,0.0,0.0,0.0,0.0,0.0,0.0,0.0,0.0,0.0,0.0,0.0,0.0,0.0,0.0,0.0,0.0,0.0,1.0,0.0,0.0,0.0,0.0,0.0,0.0,0.0,0.0,0.0,0.0,0.0,0.0,0.0,0.0,0.0,0.0,J.Flacco,,T.Higgins,,,,,,,,,,0.0,,0.0,,,,First down,0.0
139,CIN,GB,30.0,293.0,15.0,3.0,0,GB 30,5.0,65.0,"(4:53) (Shotgun) 16-J.Flacco pass short right to 1-J.Chase to GB 24 for 6 yards (25-K.Nixon). Penalty on GB-25-K.Nixon, Illegal Use of Hands, declined.",pass,6.0,1.0,0.0,1.0,0.0,0.0,0.0,short,right,5.0,1.0,,,,,,,0.0,,,,24.0,10.0,-14.0,-14.0,0.0,0.0,1.0,0.0,1.0,0.0,0.0,0.0,0.0,0.0,0.0,0.0,0.0,0.0,0.0,0.0,0.0,0.0,0.0,0.0,0.0,0.0,0.0,0.0,1.0,0.0,0.0,0.0,0.0,0.0,0.0,0.0,0.0,1.0,0.0,0.0,0.0,0.0,0.0,0.0,0.0,0.0,0.0,0.0,1.0,0.0,0.0,0.0,0.0,0.0,J.Flacco,6.0,J.Chase,6.0,,,,,,,,,0.0,,0.0,,,,First down,0.0
140,CIN,GB,24.0,288.0,15.0,1.0,0,GB 24,10.0,65.0,"(4:48) (No Huddle, Shotgun) 16-J.Flacco pass short middle to 30-C.Brown to GB 19 for 5 yards (7-Q.Walker).",pass,5.0,1.0,1.0,1.0,0.0,0.0,0.0,short,middle,1.0,4.0,,,,,,,0.0,,,,24.0,10.0,-14.0,-14.0,0.0,0.0,0.0,0.0,0.0,0.0,0.0,0.0,0.0,0.0,0.0,0.0,0.0,0.0,0.0,0.0,0.0,0.0,0.0,0.0,0.0,0.0,0.0,0.0,1.0,0.0,0.0,0.0,0.0,0.0,0.0,0.0,0.0,1.0,0.0,0.0,0.0,0.0,0.0,0.0,0.0,0.0,0.0,0.0,1.0,0.0,0.0,0.0,0.0,0.0,J.Flacco,5.0,C.Brown,5.0,,,,,,,,,0.0,,0.0,,,,Touchdown,0.0
141,CIN,GB,19.0,266.0,15.0,2.0,0,GB 19,5.0,65.0,"(4:26) (No Huddle, Shotgun) 16-J.Flacco pass incomplete short right.",pass,0.0,1.0,1.0,1.0,0.0,0.0,0.0,short,right,14.0,,,,,,,,0.0,,,,24.0,10.0,-14.0,-14.0,0.0,0.0,0.0,0.0,0.0,0.0,0.0,0.0,1.0,0.0,0.0,0.0,0.0,0.0,0.0,0.0,0.0,0.0,0.0,0.0,0.0,0.0,0.0,0.0,0.0,0.0,0.0,0.0,0.0,0.0,0.0,0.0,0.0,1.0,0.0,0.0,0.0,0.0,0.0,0.0,0.0,0.0,0.0,0.0,0.0,0.0,0.0,0.0,0.0,0.0,J.Flacco,,,,,,,,,,,,0.0,,0.0,,,,Touchdown,0.0
142,CIN,GB,19.0,261.0,15.0,3.0,0,GB 19,5.0,65.0,(4:21) (Shotgun) 16-J.Flacco pass incomplete short left to 1-J.Chase (24-C.Valentine).,pass,0.0,1.0,0.0,1.0,0.0,0.0,0.0,short,left,9.0,,,,,,,,0.0,,,,24.0,10.0,-14.0,-14.0,0.0,0.0,0.0,0.0,0.0,1.0,0.0,0.0,1.0,0.0,0.0,0.0,0.0,0.0,0.0,0.0,0.0,0.0,0.0,0.0,0.0,0.0,0.0,0.0,0.0,0.0,0.0,0.0,0.0,0.0,0.0,0.0,0.0,1.0,0.0,0.0,0.0,0.0,0.0,0.0,0.0,0.0,0.0,0.0,0.0,0.0,0.0,0.0,0.0,0.0,J.Flacco,,J.Chase,,,,,,,,,,0.0,,0.0,,,,Touchdown,0.0
143,,,,257.0,15.0,,0,GB 19,0.0,65.0,Timeout #1 by GB at 04:17.,no_play,0.0,0.0,0.0,0.0,0.0,0.0,0.0,,,,,,,,,,,1.0,GB,,,24.0,10.0,,,0.0,0.0,0.0,0.0,0.0,0.0,0.0,0.0,0.0,0.0,0.0,0.0,0.0,0.0,0.0,0.0,0.0,0.0,0.0,0.0,0.0,0.0,0.0,0.0,0.0,0.0,0.0,0.0,0.0,0.0,0.0,0.0,0.0,0.0,0.0,0.0,0.0,0.0,0.0,0.0,0.0,0.0,0.0,0.0,0.0,0.0,0.0,0.0,0.0,0.0,,,,,,,,,,,,,0.0,,0.0,,,,Touchdown,0.0
144,CIN,GB,19.0,257.0,15.0,4.0,0,GB 19,5.0,65.0,"(4:17) (Shotgun) 16-J.Flacco pass deep right to 1-J.Chase for 19 yards, TOUCHDOWN.",pass,19.0,1.0,0.0,1.0,0.0,0.0,0.0,deep,right,18.0,1.0,,,,,,,0.0,,CIN,J.Chase,24.0,16.0,-14.0,-8.0,0.0,0.0,1.0,0.0,0.0,0.0,1.0,0.0,0.0,0.0,0.0,0.0,0.0,0.0,0.0,0.0,0.0,0.0,0.0,0.0,0.0,0.0,0.0,0.0,0.0,0.0,0.0,0.0,0.0,0.0,0.0,0.0,0.0,1.0,0.0,1.0,1.0,0.0,0.0,0.0,0.0,0.0,0.0,0.0,1.0,0.0,0.0,0.0,0.0,0.0,J.Flacco,19.0,J.Chase,19.0,,,,,,,,,0.0,,0.0,,,,Touchdown,0.0
145,CIN,GB,2.0,251.0,15.0,,0,GB 2,0.0,65.0,TWO-POINT CONVERSION ATTEMPT. 16-J.Flacco pass to 30-C.Brown is complete. ATTEMPT SUCCEEDS.,pass,2.0,0.0,0.0,1.0,0.0,0.0,0.0,,,,,,,,,,success,0.0,,,,24.0,18.0,-8.0,-6.0,0.0,0.0,0.0,0.0,0.0,0.0,0.0,0.0,0.0,0.0,0.0,0.0,0.0,0.0,0.0,0.0,0.0,0.0,0.0,0.0,0.0,0.0,0.0,0.0,0.0,0.0,0.0,0.0,0.0,0.0,0.0,0.0,0.0,1.0,0.0,0.0,0.0,0.0,0.0,1.0,0.0,0.0,0.0,0.0,0.0,0.0,0.0,0.0,0.0,0.0,J.Flacco,,C.Brown,,,,,,,,,,0.0,,0.0,,,,Touchdown,0.0
146,GB,CIN,35.0,251.0,16.0,,0,CIN 35,0.0,41.0,2-E.McPherson kicks 63 yards from CIN 35 to GB 2. 83-S.Williams to GB 38 for 36 yards (38-D.Ivey; 26-T.Anderson).,kickoff,0.0,0.0,0.0,0.0,0.0,0.0,0.0,,,,,,,,63.0,,,0.0,,,,24.0,18.0,6.0,6.0,0.0,0.0,0.0,0.0,0.0,0.0,0.0,0.0,0.0,0.0,0.0,0.0,0.0,0.0,0.0,0.0,0.0,0.0,0.0,0.0,0.0,0.0,0.0,0.0,0.0,0.0,0.0,0.0,0.0,0.0,0.0,0.0,0.0,0.0,0.0,0.0,0.0,0.0,0.0,0.0,0.0,1.0,0.0,0.0,0.0,1.0,0.0,0.0,0.0,0.0,,,,,,,,,,,,E.McPherson,0.0,GB,36.0,,,,First down,1.0
147,GB,GB,62.0,242.0,16.0,1.0,0,GB 38,10.0,41.0,(4:02) 8-J.Jacobs left end to GB 43 for 5 yards (29-C.Taylor-Britt).,run,5.0,0.0,0.0,0.0,0.0,0.0,0.0,,,,,left,end,,,,,0.0,,,,24.0,18.0,6.0,6.0,0.0,0.0,0.0,0.0,0.0,0.0,0.0,0.0,0.0,0.0,0.0,0.0,0.0,0.0,0.0,0.0,0.0,0.0,0.0,0.0,0.0,0.0,0.0,0.0,1.0,0.0,0.0,0.0,0.0,0.0,0.0,0.0,1.0,0.0,0.0,0.0,0.0,0.0,0.0,0.0,0.0,0.0,0.0,0.0,0.0,0.0,0.0,0.0,0.0,0.0,,,,,J.Jacobs,5.0,,,,,,,0.0,,0.0,,,,First down,0.0
148,GB,GB,57.0,197.0,16.0,2.0,0,GB 43,5.0,41.0,(3:17) 10-J.Love sacked at GB 40 for -3 yards (22-G.Stone).,pass,-3.0,0.0,0.0,1.0,0.0,0.0,0.0,,,,,,,,,,,0.0,,,,24.0,18.0,6.0,6.0,0.0,0.0,0.0,0.0,0.0,0.0,0.0,0.0,0.0,0.0,0.0,0.0,0.0,0.0,0.0,0.0,0.0,0.0,0.0,0.0,0.0,0.0,0.0,0.0,1.0,0.0,0.0,0.0,0.0,0.0,0.0,1.0,0.0,1.0,1.0,0.0,0.0,0.0,0.0,0.0,0.0,0.0,0.0,0.0,0.0,0.0,0.0,0.0,0.0,0.0,J.Love,,,,,,,,,,,,0.0,,0.0,,,,First down,0.0
149,GB,GB,60.0,152.0,16.0,3.0,0,GB 40,8.0,41.0,(2:32) (Shotgun) 10-J.Love pass deep left to 0-M.Golden pushed ob at CIN 29 for 31 yards (27-J.Battle) [58-J.Ossai].,pass,31.0,1.0,0.0,1.0,0.0,0.0,0.0,deep,left,29.0,2.0,,,,,,,0.0,,,,24.0,18.0,6.0,6.0,0.0,0.0,1.0,0.0,1.0,0.0,0.0,0.0,0.0,0.0,0.0,0.0,0.0,0.0,0.0,0.0,0.0,0.0,0.0,0.0,0.0,0.0,0.0,0.0,1.0,0.0,0.0,0.0,0.0,0.0,0.0,1.0,0.0,1.0,0.0,0.0,0.0,0.0,0.0,0.0,0.0,0.0,0.0,0.0,1.0,0.0,0.0,0.0,0.0,0.0,J.Love,31.0,M.Golden,31.0,,,,,,,,,0.0,,0.0,,,,First down,0.0
150,GB,CIN,29.0,144.0,16.0,1.0,0,CIN 29,10.0,41.0,(2:24) 8-J.Jacobs up the middle to CIN 26 for 3 yards (27-J.Battle; 23-D.Hill).,run,3.0,0.0,0.0,0.0,0.0,0.0,0.0,,,,,middle,,,,,,0.0,,,,24.0,18.0,6.0,6.0,0.0,0.0,0.0,0.0,0.0,0.0,0.0,0.0,0.0,0.0,0.0,0.0,0.0,0.0,0.0,0.0,0.0,0.0,0.0,0.0,0.0,0.0,0.0,0.0,0.0,0.0,0.0,0.0,0.0,0.0,0.0,0.0,1.0,0.0,0.0,0.0,0.0,0.0,0.0,0.0,0.0,0.0,0.0,0.0,0.0,1.0,0.0,0.0,0.0,0.0,,,,,J.Jacobs,3.0,,,,,,,0.0,,0.0,,,,Field goal,0.0
151,,,,139.0,16.0,,0,CIN 26,0.0,41.0,Timeout #2 by CIN at 02:19.,no_play,0.0,0.0,0.0,0.0,0.0,0.0,0.0,,,,,,,,,,,1.0,CIN,,,24.0,18.0,,,0.0,0.0,0.0,0.0,0.0,0.0,0.0,0.0,0.0,0.0,0.0,0.0,0.0,0.0,0.0,0.0,0.0,0.0,0.0,0.0,0.0,0.0,0.0,0.0,0.0,0.0,0.0,0.0,0.0,0.0,0.0,0.0,0.0,0.0,0.0,0.0,0.0,0.0,0.0,0.0,0.0,0.0,0.0,0.0,0.0,0.0,0.0,0.0,0.0,0.0,,,,,,,,,,,,,0.0,,0.0,,,,Field goal,0.0
152,GB,CIN,26.0,139.0,16.0,2.0,0,CIN 26,7.0,41.0,(2:19) 10-J.Love scrambles right end to CIN 21 for 5 yards (44-D.Knight).,run,5.0,0.0,0.0,1.0,0.0,0.0,1.0,,,,,right,end,,,,,0.0,,,,24.0,18.0,6.0,6.0,0.0,0.0,0.0,0.0,0.0,0.0,0.0,0.0,0.0,0.0,0.0,0.0,0.0,0.0,0.0,0.0,0.0,0.0,0.0,0.0,0.0,0.0,0.0,0.0,1.0,0.0,0.0,0.0,0.0,0.0,0.0,0.0,1.0,0.0,0.0,0.0,0.0,0.0,0.0,0.0,0.0,0.0,0.0,0.0,0.0,0.0,0.0,0.0,0.0,0.0,,,,,J.Love,5.0,,,,,,,0.0,,0.0,,,,Field goal,0.0
153,,,,120.0,16.0,,0,CIN 21,0.0,41.0,Timeout #2 by GB at 02:00.,no_play,0.0,0.0,0.0,0.0,0.0,0.0,0.0,,,,,,,,,,,1.0,GB,,,24.0,18.0,,,0.0,0.0,0.0,0.0,0.0,0.0,0.0,0.0,0.0,0.0,0.0,0.0,0.0,0.0,0.0,0.0,0.0,0.0,0.0,0.0,0.0,0.0,0.0,0.0,0.0,0.0,0.0,0.0,0.0,0.0,0.0,0.0,0.0,0.0,0.0,0.0,0.0,0.0,0.0,0.0,0.0,0.0,0.0,0.0,0.0,0.0,0.0,0.0,0.0,0.0,,,,,,,,,,,,,0.0,,0.0,,,,Field goal,0.0
154,GB,CIN,21.0,120.0,16.0,3.0,0,CIN 21,2.0,41.0,(2:00) 10-J.Love pass incomplete short left to 0-M.Golden [22-G.Stone].,pass,0.0,0.0,0.0,1.0,0.0,0.0,0.0,short,left,6.0,,,,,,,,0.0,,,,24.0,18.0,6.0,6.0,0.0,0.0,0.0,0.0,0.0,1.0,0.0,0.0,1.0,0.0,0.0,0.0,0.0,0.0,0.0,0.0,0.0,0.0,0.0,0.0,0.0,0.0,0.0,0.0,0.0,0.0,0.0,0.0,0.0,0.0,0.0,1.0,0.0,1.0,0.0,0.0,0.0,0.0,0.0,0.0,0.0,0.0,0.0,0.0,0.0,0.0,0.0,0.0,0.0,0.0,J.Love,,M.Golden,,,,,,,,,,0.0,,0.0,,,,Field goal,0.0
155,GB,CIN,21.0,116.0,16.0,4.0,0,CIN 21,2.0,41.0,"(1:56) 35-L.Havrisik 39 yard field goal is GOOD, Center-42-M.Orzech, Holder-19-D.Whelan.",field_goal,0.0,0.0,0.0,0.0,0.0,0.0,0.0,,,,,,,made,39.0,,,0.0,,,,27.0,18.0,6.0,9.0,0.0,0.0,0.0,0.0,0.0,0.0,0.0,0.0,0.0,0.0,0.0,0.0,0.0,0.0,0.0,0.0,0.0,0.0,0.0,0.0,0.0,0.0,0.0,0.0,0.0,0.0,0.0,0.0,0.0,0.0,0.0,0.0,0.0,0.0,0.0,0.0,0.0,0.0,0.0,0.0,1.0,0.0,0.0,0.0,0.0,0.0,0.0,0.0,0.0,0.0,,,,,,,,,,,,L.Havrisik,0.0,,0.0,,,,Field goal,0.0
156,CIN,GB,35.0,112.0,17.0,,0,GB 35,0.0,27.0,"35-L.Havrisik kicks 65 yards from GB 35 to end zone, Touchback to the CIN 35.",kickoff,0.0,0.0,0.0,0.0,0.0,0.0,0.0,,,,,,,,65.0,,,0.0,,,,27.0,18.0,-9.0,-9.0,0.0,0.0,0.0,0.0,0.0,0.0,0.0,0.0,0.0,1.0,0.0,0.0,0.0,0.0,0.0,0.0,0.0,0.0,0.0,0.0,0.0,0.0,0.0,0.0,0.0,0.0,0.0,0.0,0.0,0.0,0.0,0.0,0.0,0.0,0.0,0.0,0.0,0.0,0.0,0.0,0.0,1.0,0.0,0.0,0.0,0.0,0.0,0.0,0.0,0.0,,,,,,,,,,,,L.Havrisik,0.0,CIN,0.0,,,,First down,1.0
157,CIN,CIN,65.0,112.0,17.0,1.0,0,CIN 35,10.0,27.0,(1:52) (Shotgun) 16-J.Flacco pass short middle to 86-N.Fant to CIN 42 for 7 yards (7-Q.Walker).,pass,7.0,1.0,0.0,1.0,0.0,0.0,0.0,short,middle,2.0,5.0,,,,,,,0.0,,,,27.0,18.0,-9.0,-9.0,0.0,0.0,0.0,0.0,0.0,0.0,0.0,0.0,0.0,0.0,0.0,0.0,0.0,0.0,0.0,0.0,0.0,0.0,0.0,0.0,0.0,0.0,0.0,0.0,1.0,0.0,0.0,0.0,0.0,0.0,0.0,0.0,0.0,1.0,0.0,0.0,0.0,0.0,0.0,0.0,0.0,0.0,0.0,0.0,1.0,0.0,0.0,0.0,0.0,0.0,J.Flacco,7.0,N.Fant,7.0,,,,,,,,,0.0,,0.0,,,,First down,0.0
158,CIN,CIN,58.0,91.0,17.0,2.0,0,CIN 42,3.0,27.0,"(1:31) (No Huddle, Shotgun) 16-J.Flacco pass short middle to 34-S.Perine to GB 42 for 16 yards (29-X.McKinney; 21-N.Hobbs).",pass,16.0,1.0,1.0,1.0,0.0,0.0,0.0,short,middle,1.0,15.0,,,,,,,0.0,,,,27.0,18.0,-9.0,-9.0,0.0,0.0,1.0,0.0,0.0,0.0,0.0,0.0,0.0,0.0,0.0,0.0,0.0,0.0,0.0,0.0,0.0,0.0,0.0,0.0,0.0,0.0,0.0,0.0,0.0,0.0,0.0,0.0,0.0,0.0,0.0,0.0,0.0,1.0,0.0,0.0,0.0,0.0,0.0,0.0,0.0,0.0,0.0,0.0,1.0,1.0,0.0,0.0,0.0,0.0,J.Flacco,16.0,S.Perine,16.0,,,,,,,,,0.0,,0.0,,,,First down,0.0
159,CIN,GB,42.0,70.0,17.0,1.0,0,GB 42,10.0,27.0,(1:10) (No Huddle) 16-J.Flacco spiked the ball to stop the clock.,qb_spike,0.0,0.0,1.0,0.0,0.0,1.0,0.0,,,0.0,,,,,,,,0.0,,,,27.0,18.0,-9.0,-9.0,0.0,0.0,0.0,0.0,0.0,0.0,0.0,0.0,1.0,0.0,0.0,0.0,0.0,0.0,0.0,0.0,0.0,0.0,0.0,0.0,0.0,0.0,0.0,0.0,0.0,0.0,0.0,0.0,0.0,0.0,0.0,0.0,0.0,1.0,0.0,0.0,0.0,0.0,0.0,0.0,0.0,0.0,0.0,0.0,0.0,0.0,0.0,0.0,0.0,0.0,J.Flacco,,,,,,,,,,,,0.0,,0.0,,,,Missed field goal,0.0
160,CIN,GB,42.0,69.0,17.0,2.0,0,GB 42,10.0,27.0,(1:09) (Shotgun) 16-J.Flacco pass short left to 86-N.Fant to GB 38 for 4 yards (56-E.Cooper).,pass,4.0,1.0,0.0,1.0,0.0,0.0,0.0,short,left,2.0,2.0,,,,,,,0.0,,,,27.0,18.0,-9.0,-9.0,0.0,0.0,0.0,0.0,0.0,0.0,0.0,0.0,0.0,0.0,0.0,0.0,0.0,0.0,0.0,0.0,0.0,0.0,0.0,0.0,0.0,0.0,0.0,0.0,1.0,0.0,0.0,0.0,0.0,0.0,0.0,0.0,0.0,1.0,0.0,0.0,0.0,0.0,0.0,0.0,0.0,0.0,0.0,0.0,1.0,0.0,0.0,0.0,0.0,0.0,J.Flacco,4.0,N.Fant,4.0,,,,,,,,,0.0,,0.0,,,,Missed field goal,0.0
161,CIN,GB,38.0,51.0,17.0,3.0,0,GB 38,6.0,27.0,"(:51) (No Huddle, Shotgun) 16-J.Flacco pass short left to 34-S.Perine pushed ob at GB 38 for no gain (24-C.Valentine).",pass,0.0,1.0,1.0,1.0,0.0,0.0,0.0,short,left,-5.0,5.0,,,,,,,0.0,,,,27.0,18.0,-9.0,-9.0,0.0,0.0,0.0,0.0,0.0,1.0,0.0,0.0,0.0,0.0,0.0,0.0,0.0,0.0,0.0,0.0,0.0,0.0,0.0,0.0,0.0,0.0,0.0,0.0,1.0,0.0,0.0,0.0,0.0,0.0,0.0,0.0,0.0,1.0,0.0,0.0,0.0,0.0,0.0,0.0,0.0,0.0,0.0,0.0,1.0,0.0,0.0,0.0,0.0,0.0,J.Flacco,0.0,S.Perine,0.0,,,,,,,,,0.0,,0.0,,,,Missed field goal,0.0
162,,,,46.0,17.0,,0,GB 38,0.0,27.0,Timeout #3 by GB at 00:46.,no_play,0.0,0.0,0.0,0.0,0.0,0.0,0.0,,,,,,,,,,,1.0,GB,,,27.0,18.0,,,0.0,0.0,0.0,0.0,0.0,0.0,0.0,0.0,0.0,0.0,0.0,0.0,0.0,0.0,0.0,0.0,0.0,0.0,0.0,0.0,0.0,0.0,0.0,0.0,0.0,0.0,0.0,0.0,0.0,0.0,0.0,0.0,0.0,0.0,0.0,0.0,0.0,0.0,0.0,0.0,0.0,0.0,0.0,0.0,0.0,0.0,0.0,0.0,0.0,0.0,,,,,,,,,,,,,0.0,,0.0,,,,Missed field goal,0.0
163,CIN,GB,38.0,46.0,17.0,4.0,0,GB 38,6.0,27.0,"(:46) 2-E.McPherson 56 yard field goal is No Good, Wide Right, Center-46-W.Wagner, Holder-8-R.Rehkow.",field_goal,0.0,0.0,0.0,0.0,0.0,0.0,0.0,,,,,,,missed,56.0,,,0.0,,,,27.0,18.0,-9.0,-9.0,0.0,0.0,0.0,0.0,0.0,0.0,0.0,0.0,0.0,0.0,0.0,0.0,0.0,0.0,0.0,0.0,0.0,0.0,0.0,0.0,0.0,0.0,0.0,0.0,0.0,0.0,0.0,0.0,0.0,0.0,0.0,0.0,0.0,0.0,0.0,0.0,0.0,0.0,0.0,0.0,1.0,0.0,0.0,0.0,0.0,0.0,0.0,0.0,0.0,0.0,,,,,,,,,,,,E.McPherson,0.0,,0.0,,,,Missed field goal,0.0
164,GB,GB,54.0,41.0,18.0,1.0,0,GB 46,10.0,0.0,(:41) 10-J.Love kneels to GB 46 for no gain.,qb_kneel,0.0,0.0,0.0,0.0,1.0,0.0,0.0,,,,,,,,,,,0.0,,,,27.0,18.0,9.0,9.0,0.0,0.0,0.0,0.0,0.0,0.0,0.0,0.0,0.0,0.0,0.0,0.0,0.0,0.0,0.0,0.0,0.0,0.0,0.0,0.0,0.0,0.0,0.0,0.0,0.0,0.0,0.0,0.0,0.0,0.0,0.0,0.0,1.0,0.0,0.0,0.0,0.0,0.0,0.0,0.0,0.0,0.0,0.0,0.0,0.0,0.0,0.0,0.0,0.0,0.0,,,,,J.Love,0.0,,,,,,,0.0,,0.0,,,,QB kneel,0.0
165,GB,,,0.0,18.0,,0,,0.0,0.0,END GAME,,,0.0,0.0,,0.0,0.0,0.0,,,,,,,,,,,,,,,27.0,18.0,9.0,9.0,,,,,,,,,,0.0,,,,,,,,,,,,,,,,,,,,,,,,,,,,,,,,,,,,,,,,,,,,,,,,,,,,,,,,,,,QB kneel,0.0
