,home_team,away_team,season_type,season,week,game_date,start_time,game_id,stadium,roof,surface,condition,temperature,humidity,wind
0,NO,ARI,REG,2025,1,2025-09-07,"9/7/25, 13:02:38",2025_01_ARI_NO,Mercedes-Benz Superdome,dome,sportturf,Sunny ,83,72,NE 9
1,BUF,BAL,REG,2025,1,2025-09-07,"9/7/25, 20:22:52",2025_01_BAL_BUF,New Era Field,outdoors,a_turf,Partly cloudy ,58,61,SW 8
2,JAX,CAR,REG,2025,1,2025-09-07,"9/7/25, 13:02:32",2025_01_CAR_JAX,TIAA Bank Stadium,outdoors,grass,,85,71,SW 3
3,CLE,CIN,REG,2025,1,2025-09-07,"9/7/25, 13:02:27",2025_01_CIN_CLE,FirstEnergy Stadium,outdoors,grass,Sunny ,63,49,NW 10
4,PHI,DAL,REG,2025,1,2025-09-04,"9/4/25, 20:23:01",2025_01_DAL_PHI,Lincoln Financial Field,outdoors,grass,Rain ,75,66,S 11
5,GB,DET,REG,2025,1,2025-09-07,"9/7/25, 16:25:38",2025_01_DET_GB,Lambeau Field,outdoors,grass,Cloudy ,60,76,NW 5
6,LA,HOU,REG,2025,1,2025-09-07,"9/7/25, 16:25:32",2025_01_HOU_LA,SoFi Stadium,dome,matrixturf,Sunny ,83,51,SW 9
7,LAC,KC,REG,2025,1,2025-09-05,"9/5/25, 20:11:05",2025_01_KC_LAC,SoFi Stadium,dome,,,62,80,SE 7
8,NE,LV,REG,2025,1,2025-09-07,"9/7/25, 13:02:54",2025_01_LV_NE,Gillette Stadium,outdoors,fieldturf,Rain ,64,86,NE 4
9,IND,MIA,REG,2025,1,2025-09-07,"9/7/25, 13:03:32",2025_01_MIA_IND,Lucas Oil Stadium,closed,fieldturf,Sunny ,64,38,NW 3
10,CHI,MIN,REG,2025,1,2025-09-08,"9/8/25, 20:16:02",2025_01_MIN_CHI,Soldier Field,outdoors,grass,Clear ,68,38,SE 6
11,WAS,NYG,REG,2025,1,2025-09-07,"9/7/25, 13:03:46",2025_01_NYG_WAS,FedExField,outdoors,grass,,68,68,NW 5
12,NYJ,PIT,REG,2025,1,2025-09-07,"9/7/25, 13:02:43",2025_01_PIT_NYJ,MetLife Stadium,outdoors,fieldturf,Cloudy with more rain possible ,67,79,W 3
13,SEA,SF,REG,2025,1,2025-09-07,"9/7/25, 16:05:39",2025_01_SF_SEA,Lumen Field,outdoors,fieldturf,Cloudy ,67,83,S 6
14,ATL,TB,REG,2025,1,2025-09-07,"9/7/25, 13:02:59",2025_01_TB_ATL,Mercedes-Benz Stadium,closed,fieldturf,None ,None,None,NE None
15,DEN,TEN,REG,2025,1,2025-09-07,"9/7/25, 16:05:14",2025_01_TEN_DEN,Empower Field at Mile High,outdoors,grass,Mostly Sunny ,84,24,NE 6
16,MIN,ATL,REG,2025,2,2025-09-14,"9/14/25, 20:23:18",2025_02_ATL_MIN,U.S. Bank Stadium,dome,sportturf,N/A Indoors ,82,69,SE 8
17,NYJ,BUF,REG,2025,2,2025-09-14,"9/14/25, 13:03:24",2025_02_BUF_NYJ,MetLife Stadium,outdoors,fieldturf,Beautiful. 80 and Sunny ,80,49,NE 3
18,ARI,CAR,REG,2025,2,2025-09-14,"9/14/25, 16:05:52",2025_02_CAR_ARI,State Farm Stadium,closed,grass,None ,None,None,NE None
19,DET,CHI,REG,2025,2,2025-09-14,"9/14/25, 13:02:40",2025_02_CHI_DET,Ford Field,dome,fieldturf,,68,70,
20,BAL,CLE,REG,2025,2,2025-09-14,"9/14/25, 13:02:23",2025_02_CLE_BAL,M&T Bank Stadium,outdoors,grass,Clear ,82,49,SE 3
21,IND,DEN,REG,2025,2,2025-09-14,"9/14/25, 16:05:35",2025_02_DEN_IND,Lucas Oil Stadium,closed,fieldturf,Sunny ,85,46,SE 2
22,CIN,JAX,REG,2025,2,2025-09-14,"9/14/25, 13:02:45",2025_02_JAX_CIN,Paycor Stadium,outdoors,fieldturf,Partly Sunny ,84,49,SE 6
23,LV,LAC,REG,2025,2,2025-09-15,"9/15/25, 22:05:19",2025_02_LAC_LV,Allegiant Stadium,dome,grass,Sunny ,93,12,SE 7
24,TEN,LA,REG,2025,2,2025-09-14,"9/14/25, 13:02:37",2025_02_LA_TEN,Nissan Stadium,outdoors,grass,Cloudy ,83,46,S 3
25,MIA,NE,REG,2025,2,2025-09-14,"9/14/25, 13:02:53",2025_02_NE_MIA,Hard Rock Stadium,outdoors,grass,Partly Cloudy ,89,56,NW 4
26,DAL,NYG,REG,2025,2,2025-09-14,"9/14/25, 13:02:34",2025_02_NYG_DAL,AT&T Stadium,closed,matrixturf,None ,None,None,NE None
27,KC,PHI,REG,2025,2,2025-09-14,"9/14/25, 16:25:47",2025_02_PHI_KC,GEHA Field at Arrowhead Stadium,outdoors,grass,,88,46,S 12
28,PIT,SEA,REG,2025,2,2025-09-14,"9/14/25, 13:02:31",2025_02_SEA_PIT,Acrisure Stadium,outdoors,grass,Sunny ,79,46,NE 5
29,NO,SF,REG,2025,2,2025-09-14,"9/14/25, 13:03:04",2025_02_SF_NO,Mercedes-Benz Superdome,dome,sportturf,Partly Cloudy ,87,55,N 5
30,HOU,TB,REG,2025,2,2025-09-15,"9/15/25, 19:03:29",2025_02_TB_HOU,NRG Stadium,closed,astroturf,Sunny ,87,45,SE 4
31,GB,WAS,REG,2025,2,2025-09-11,"9/11/25, 20:16:54",2025_02_WAS_GB,Lambeau Field,outdoors,grass,Cloudy ,64,78,NE 7
32,SF,ARI,REG,2025,3,2025-09-21,"9/21/25, 16:25:32",2025_03_ARI_SF,Levi's Stadium,outdoors,grass,Sunny ,72,65,SE 7
33,CAR,ATL,REG,2025,3,2025-09-21,"9/21/25, 13:03:31",2025_03_ATL_CAR,Bank of America Stadium,outdoors,grass,Sunny ,84,48,NE 6
34,MIN,CIN,REG,2025,3,2025-09-21,"9/21/25, 13:03:31",2025_03_CIN_MIN,U.S. Bank Stadium,dome,sportturf,N/A Indoors ,70,74,SW 4
35,CHI,DAL,REG,2025,3,2025-09-21,"9/21/25, 16:25:27",2025_03_DAL_CHI,Soldier Field,outdoors,grass,Mostly Sunny ,82,48,SW 4
36,LAC,DEN,REG,2025,3,2025-09-21,"9/21/25, 16:05:22",2025_03_DEN_LAC,SoFi Stadium,dome,matrixturf,Cloudy ,76,70,SE 8
37,BAL,DET,REG,2025,3,2025-09-22,"9/22/25, 20:16:00",2025_03_DET_BAL,M&T Bank Stadium,outdoors,grass,Clear ,73,67,SE 4
38,CLE,GB,REG,2025,3,2025-09-21,"9/21/25, 13:02:29",2025_03_GB_CLE,FirstEnergy Stadium,outdoors,grass,Cloudy ,79,53,S 10
39,JAX,HOU,REG,2025,3,2025-09-21,"9/21/25, 13:02:23",2025_03_HOU_JAX,TIAA Bank Stadium,outdoors,grass,,85,76,NE 12
40,TEN,IND,REG,2025,3,2025-09-21,"9/21/25, 13:02:52",2025_03_IND_TEN,Nissan Stadium,outdoors,grass,Cloudy ,84,49,SW 7
41,NYG,KC,REG,2025,3,2025-09-21,"9/21/25, 20:23:24",2025_03_KC_NYG,MetLife Stadium,outdoors,fieldturf,Fair ,65,56,S 5
42,PHI,LA,REG,2025,3,2025-09-21,"9/21/25, 13:02:55",2025_03_LA_PHI,Lincoln Financial Field,outdoors,grass,Sunny ,73,47,E 9
43,WAS,LV,REG,2025,3,2025-09-21,"9/21/25, 13:02:46",2025_03_LV_WAS,FedExField,outdoors,grass,,72,72,E 6
44,BUF,MIA,REG,2025,3,2025-09-18,"9/18/25, 20:15:44",2025_03_MIA_BUF,New Era Field,outdoors,a_turf,Partly cloudy ,68,71,SW 7
45,SEA,NO,REG,2025,3,2025-09-21,"9/21/25, 16:05:28",2025_03_NO_SEA,Lumen Field,outdoors,fieldturf,Cloudy ,63,84,SE 3
46,TB,NYJ,REG,2025,3,2025-09-21,"9/21/25, 13:02:31",2025_03_NYJ_TB,Raymond James Stadium,outdoors,grass,Cloudy ,88,55,NE 5
47,NE,PIT,REG,2025,3,2025-09-21,"9/21/25, 13:02:26",2025_03_PIT_NE,Gillette Stadium,outdoors,fieldturf,Cloudy ,66,54,W 5
48,KC,BAL,REG,2025,4,2025-09-28,"9/28/25, 16:26:00",2025_04_BAL_KC,GEHA Field at Arrowhead Stadium,outdoors,grass,,89,38,SW 10
49,NE,CAR,REG,2025,4,2025-09-28,"9/28/25, 13:02:50",2025_04_CAR_NE,Gillette Stadium,outdoors,fieldturf,Sunny ,76,70,NE 7
50,LV,CHI,REG,2025,4,2025-09-28,"9/28/25, 16:25:22",2025_04_CHI_LV,Allegiant Stadium,dome,grass,Partly Cloudy ,77,54,E 5
51,DEN,CIN,REG,2025,4,2025-09-29,"9/29/25, 20:15:45",2025_04_CIN_DEN,Empower Field at Mile High,outdoors,grass,Partly Cloudy ,65,54,S 9
52,DET,CLE,REG,2025,4,2025-09-28,"9/28/25, 13:02:19",2025_04_CLE_DET,Ford Field,dome,fieldturf,Controlled Climate ,68,70,
53,DAL,GB,REG,2025,4,2025-09-28,"9/28/25, 20:22:42",2025_04_GB_DAL,AT&T Stadium,closed,matrixturf,Partly Cloudy ,81,42,NE 2
54,LA,IND,REG,2025,4,2025-09-28,"9/28/25, 16:05:16",2025_04_IND_LA,SoFi Stadium,dome,matrixturf,Cloudy ,74,68,SW 3
55,SF,JAX,REG,2025,4,2025-09-28,"9/28/25, 16:05:13",2025_04_JAX_SF,Levi's Stadium,outdoors,grass,Cloudy ,72,72,N 7
56,NYG,LAC,REG,2025,4,2025-09-28,"9/28/25, 13:02:44",2025_04_LAC_NYG,MetLife Stadium,outdoors,fieldturf,Fair ,81,53,W
57,PIT,MIN,REG,2025,4,2025-09-28,"9/28/25, 09:33:22",2025_04_MIN_PIT,Acrisure Stadium,outdoors,grass,Mostly Cloudy ,61,70,W 5
58,BUF,NO,REG,2025,4,2025-09-28,"9/28/25, 13:02:35",2025_04_NO_BUF,New Era Field,outdoors,a_turf,Sunny ,73,56,NW 7
59,MIA,NYJ,REG,2025,4,2025-09-29,"9/29/25, 19:15:32",2025_04_NYJ_MIA,Hard Rock Stadium,outdoors,grass,Partly Cloudy ,86,63,NW 1
60,TB,PHI,REG,2025,4,2025-09-28,"9/28/25, 13:02:43",2025_04_PHI_TB,Raymond James Stadium,outdoors,grass,Cloudy ,88,61,N 6
61,ARI,SEA,REG,2025,4,2025-09-25,"9/25/25, 20:15:34",2025_04_SEA_ARI,State Farm Stadium,closed,grass,None ,None,None,NE None
62,HOU,TEN,REG,2025,4,2025-09-28,"9/28/25, 13:02:56",2025_04_TEN_HOU,NRG Stadium,closed,astroturf,Sunny ,83,50,NE 3
63,ATL,WAS,REG,2025,4,2025-09-28,"9/28/25, 13:02:32",2025_04_WAS_ATL,Mercedes-Benz Stadium,closed,fieldturf,None ,None,None,NE None
64,NYJ,DAL,REG,2025,5,2025-10-05,"10/5/25, 13:03:02",2025_05_DAL_NYJ,MetLife Stadium,outdoors,fieldturf,Sunny and Warm ,82,46,S 3
65,PHI,DEN,REG,2025,5,2025-10-05,"10/5/25, 13:02:36",2025_05_DEN_PHI,Lincoln Financial Field,outdoors,grass,Sunny ,80,43,SW 6
66,CIN,DET,REG,2025,5,2025-10-05,"10/5/25, 16:25:39",2025_05_DET_CIN,Paycor Stadium,outdoors,fieldturf,Mostly Sunny ,84,39,SW 7
67,BAL,HOU,REG,2025,5,2025-10-05,"10/5/25, 13:02:40",2025_05_HOU_BAL,M&T Bank Stadium,outdoors,grass,,78,45,S 2
68,JAX,KC,REG,2025,5,2025-10-06,"10/6/25, 20:15:51",2025_05_KC_JAX,TIAA Bank Stadium,outdoors,grass,,80,79,E 12
69,IND,LV,REG,2025,5,2025-10-05,"10/5/25, 13:02:43",2025_05_LV_IND,Lucas Oil Stadium,closed,fieldturf,Sunny ,76,52,SW 2
70,CAR,MIA,REG,2025,5,2025-10-05,"10/5/25, 13:02:54",2025_05_MIA_CAR,Bank of America Stadium,outdoors,grass,Mostly Cloudy ,77,57,E 8
71,CLE,MIN,REG,2025,5,2025-10-05,"10/5/25, 09:32:39",2025_05_MIN_CLE,FirstEnergy Stadium,outdoors,grass,Cloudy ,61,48,NW 14
72,BUF,NE,REG,2025,5,2025-10-05,"10/5/25, 20:23:06",2025_05_NE_BUF,New Era Field,outdoors,a_turf,Clear ,66,58,S 3
73,NO,NYG,REG,2025,5,2025-10-05,"10/5/25, 13:03:02",2025_05_NYG_NO,Mercedes-Benz Superdome,dome,sportturf,Rain ,75,95,NE 9
74,LA,SF,REG,2025,5,2025-10-02,"10/2/25, 20:15:53",2025_05_SF_LA,SoFi Stadium,dome,matrixturf,Cloudy ,71,65,S 5
75,SEA,TB,REG,2025,5,2025-10-05,"10/5/25, 16:05:42",2025_05_TB_SEA,Lumen Field,outdoors,fieldturf,Sunny ,61,73,N 8
76,ARI,TEN,REG,2025,5,2025-10-05,"10/5/25, 16:05:34",2025_05_TEN_ARI,State Farm Stadium,closed,grass,None ,None,None,NE None
77,LAC,WAS,REG,2025,5,2025-10-05,"10/5/25, 16:25:36",2025_05_WAS_LAC,SoFi Stadium,dome,matrixturf,Sunny ,77,56,SW 7
78,IND,ARI,REG,2025,6,2025-10-12,"10/12/25, 13:02:52",2025_06_ARI_IND,Lucas Oil Stadium,closed,fieldturf,Sunny ,57,48,NE 2
79,ATL,BUF,REG,2025,6,2025-10-13,"10/13/25, 19:15:51",2025_06_BUF_ATL,Mercedes-Benz Stadium,closed,fieldturf,None ,None,None,NE None
80,WAS,CHI,REG,2025,6,2025-10-13,"10/13/25, 20:16:26",2025_06_CHI_WAS,FedExField,outdoors,grass,,59,82,N 12
81,GB,CIN,REG,2025,6,2025-10-12,"10/12/25, 16:25:21",2025_06_CIN_GB,Lambeau Field,outdoors,grass,Sunny ,64,56,SE 14
82,PIT,CLE,REG,2025,6,2025-10-12,"10/12/25, 13:02:46",2025_06_CLE_PIT,Acrisure Stadium,outdoors,grass,Cloudy ,64,77,E 8
83,CAR,DAL,REG,2025,6,2025-10-12,"10/12/25, 13:03:22",2025_06_DAL_CAR,Bank of America Stadium,outdoors,grass,Cloudy ,68,71,N 15
84,NYJ,DEN,REG,2025,6,2025-10-12,"10/12/25, 09:32:25",2025_06_DEN_NYJ,MetLife Stadium,outdoors,grass,Mostly Sunny ,59,69,NE 6
85,KC,DET,REG,2025,6,2025-10-12,"10/12/25, 20:22:42",2025_06_DET_KC,GEHA Field at Arrowhead Stadium,outdoors,grass,,85,37,S 13
86,MIA,LAC,REG,2025,6,2025-10-12,"10/12/25, 13:02:22",2025_06_LAC_MIA,Hard Rock Stadium,outdoors,grass,Partly Cloudy ,85,62,N 4
87,BAL,LA,REG,2025,6,2025-10-12,"10/12/25, 13:02:50",2025_06_LA_BAL,M&T Bank Stadium,outdoors,grass,Cloudy ,64,66,NE 15
88,NO,NE,REG,2025,6,2025-10-12,"10/12/25, 13:02:50",2025_06_NE_NO,Mercedes-Benz Superdome,dome,sportturf,Sunny ,79,41,S 8
89,NYG,PHI,REG,2025,6,2025-10-09,"10/9/25, 20:15:59",2025_06_PHI_NYG,MetLife Stadium,outdoors,fieldturf,Fair ,53,31,N 3
90,JAX,SEA,REG,2025,6,2025-10-12,"10/12/25, 13:02:47",2025_06_SEA_JAX,TIAA Bank Stadium,outdoors,grass,,76,59,NW 8
91,TB,SF,REG,2025,6,2025-10-12,"10/12/25, 16:25:24",2025_06_SF_TB,Raymond James Stadium,outdoors,grass,Clear ,82,49,NW 10
92,LV,TEN,REG,2025,6,2025-10-12,"10/12/25, 16:05:26",2025_06_TEN_LV,Allegiant Stadium,dome,grass,Sunny ,74,13,N 6
93,SF,ATL,REG,2025,7,2025-10-19,"10/19/25, 20:22:58",2025_07_ATL_SF,Levi's Stadium,outdoors,grass,Sunny ,74,49,SE 5
94,NYJ,CAR,REG,2025,7,2025-10-19,"10/19/25, 13:03:10",2025_07_CAR_NYJ,MetLife Stadium,outdoors,fieldturf,Mostly Sunny and Mild ,71,70,SE 13
95,ARI,GB,REG,2025,7,2025-10-19,"10/19/25, 16:25:22",2025_07_GB_ARI,State Farm Stadium,closed,grass,None ,None,None,NE None
96,SEA,HOU,REG,2025,7,2025-10-20,"10/20/25, 22:05:25",2025_07_HOU_SEA,Lumen Field,outdoors,fieldturf,Cloudy ,56,54,SE 5
97,LAC,IND,REG,2025,7,2025-10-19,"10/19/25, 16:05:38",2025_07_IND_LAC,SoFi Stadium,dome,matrixturf,Sunny ,79,42,SW 7
98,JAX,LA,REG,2025,7,2025-10-19,"10/19/25, 09:32:40",2025_07_LA_JAX,TIAA Bank Stadium,outdoors,grass,Rain ,59,95,SE 9
99,KC,LV,REG,2025,7,2025-10-19,"10/19/25, 13:03:07",2025_07_LV_KC,GEHA Field at Arrowhead Stadium,outdoors,grass,,57,41,NW 9
100,CLE,MIA,REG,2025,7,2025-10-19,"10/19/25, 13:02:25",2025_07_MIA_CLE,FirstEnergy Stadium,outdoors,grass,Rain ,65,85,S 17
101,TEN,NE,REG,2025,7,2025-10-19,"10/19/25, 13:03:22",2025_07_NE_TEN,Nissan Stadium,outdoors,grass,Cloudy ,60,78,NW 18
102,CHI,NO,REG,2025,7,2025-10-19,"10/19/25, 13:02:32",2025_07_NO_CHI,Soldier Field,outdoors,grass,,49,87,NW 8
103,DEN,NYG,REG,2025,7,2025-10-19,"10/19/25, 16:05:30",2025_07_NYG_DEN,Empower Field at Mile High,outdoors,grass,Partly Cloudy ,72,17,N 3
104,MIN,PHI,REG,2025,7,2025-10-19,"10/19/25, 13:02:37",2025_07_PHI_MIN,U.S. Bank Stadium,dome,sportturf,,52,57,NW 12
105,CIN,PIT,REG,2025,7,2025-10-16,"10/16/25, 20:16:01",2025_07_PIT_CIN,Paycor Stadium,outdoors,fieldturf,Clear and Cool ,60,51,E 5
106,DET,TB,REG,2025,7,2025-10-20,"10/20/25, 19:02:51",2025_07_TB_DET,Ford Field,dome,fieldturf,Controlled Climate ,68,70,
107,DAL,WAS,REG,2025,7,2025-10-19,"10/19/25, 16:25:19",2025_07_WAS_DAL,AT&T Stadium,closed,matrixturf,None ,None,None,NE None
108,CAR,BUF,REG,2025,8,2025-10-26,"10/26/25, 13:03:06",2025_08_BUF_CAR,Bank of America Stadium,outdoors,grass,Mostly Cloudy ,63,36,NE 9
109,BAL,CHI,REG,2025,8,2025-10-26,"10/26/25, 13:02:18",2025_08_CHI_BAL,M&T Bank Stadium,outdoors,grass,Clear ,60,38,NE 2
110,NE,CLE,REG,2025,8,2025-10-26,"10/26/25, 13:02:47",2025_08_CLE_NE,Gillette Stadium,outdoors,fieldturf,Sunny ,53,52,SE 7
111,DEN,DAL,REG,2025,8,2025-10-26,"10/26/25, 16:25:24",2025_08_DAL_DEN,Empower Field at Mile High,outdoors,grass,Cloudy ,67,25,N 4
112,PIT,GB,REG,2025,8,2025-10-26,"10/26/25, 20:22:35",2025_08_GB_PIT,Acrisure Stadium,outdoors,grass,Clear ,46,56,NE 5
113,ATL,MIA,REG,2025,8,2025-10-26,"10/26/25, 13:02:35",2025_08_MIA_ATL,Mercedes-Benz Stadium,closed,fieldturf,None ,None,None,NE None
114,LAC,MIN,REG,2025,8,2025-10-23,"10/23/25, 20:15:59",2025_08_MIN_LAC,SoFi Stadium,dome,matrixturf,Sunny ,68,74,W 12
115,PHI,NYG,REG,2025,8,2025-10-26,"10/26/25, 13:02:46",2025_08_NYG_PHI,Lincoln Financial Field,outdoors,grass,Sunny ,60,41,N 4
116,CIN,NYJ,REG,2025,8,2025-10-26,"10/26/25, 13:02:51",2025_08_NYJ_CIN,Paycor Stadium,outdoors,fieldturf,Cloudy ,57,48,NE 8
117,HOU,SF,REG,2025,8,2025-10-26,"10/26/25, 13:03:11",2025_08_SF_HOU,NRG Stadium,closed,astroturf,,71,88,N 1
118,NO,TB,REG,2025,8,2025-10-26,"10/26/25, 16:05:39",2025_08_TB_NO,Mercedes-Benz Superdome,dome,sportturf,,79,77,S 10
119,IND,TEN,REG,2025,8,2025-10-26,"10/26/25, 16:25:33",2025_08_TEN_IND,Lucas Oil Stadium,closed,fieldturf,,52,53,E 2
120,KC,WAS,REG,2025,8,2025-10-27,"10/27/25, 20:16:02",2025_08_WAS_KC,GEHA Field at Arrowhead Stadium,outdoors,grass,,54,94,NE 8
121,DAL,ARI,REG,2025,9,2025-11-03,"11/3/25, 20:15:44",2025_09_ARI_DAL,AT&T Stadium,closed,matrixturf,None ,None,None,NE None
122,NE,ATL,REG,2025,9,2025-11-02,"11/2/25, 13:02:20",2025_09_ATL_NE,Gillette Stadium,outdoors,fieldturf,Sunny ,52,51,SE 7
123,MIA,BAL,REG,2025,9,2025-10-30,"10/30/25, 20:16:06",2025_09_BAL_MIA,Hard Rock Stadium,outdoors,grass,Clear ,73,57,NW 5
124,GB,CAR,REG,2025,9,2025-11-02,"11/2/25, 13:02:52",2025_09_CAR_GB,Lambeau Field,outdoors,grass,Cloudy ,47,53,SW 15
125,CIN,CHI,REG,2025,9,2025-11-02,"11/2/25, 13:02:35",2025_09_CHI_CIN,Paycor Stadium,outdoors,fieldturf,Cloudy ,50,74,NE 6
126,HOU,DEN,REG,2025,9,2025-11-02,"11/2/25, 13:02:54",2025_09_DEN_HOU,NRG Stadium,closed,astroturf,,67,59,N 7
127,PIT,IND,REG,2025,9,2025-11-02,"11/2/25, 13:02:29",2025_09_IND_PIT,Acrisure Stadium,outdoors,grass,Cloudy ,56,66,SE 2
128,LV,JAX,REG,2025,9,2025-11-02,"11/2/25, 16:05:28",2025_09_JAX_LV,Allegiant Stadium,dome,grass,,80,13,E 2
129,BUF,KC,REG,2025,9,2025-11-02,"11/2/25, 16:25:33",2025_09_KC_BUF,New Era Field,outdoors,a_turf,Fair ,54,55,SW 6
130,TEN,LAC,REG,2025,9,2025-11-02,"11/2/25, 13:02:42",2025_09_LAC_TEN,Nissan Stadium,outdoors,grass,Cloudy ,46,84,N 5
131,DET,MIN,REG,2025,9,2025-11-02,"11/2/25, 13:03:03",2025_09_MIN_DET,Ford Field,dome,fieldturf,,68,70,
132,LA,NO,REG,2025,9,2025-11-02,"11/2/25, 16:05:17",2025_09_NO_LA,SoFi Stadium,dome,matrixturf,Sunny ,65,75,SW 8
133,WAS,SEA,REG,2025,9,2025-11-02,"11/2/25, 20:22:50",2025_09_SEA_WAS,FedExField,outdoors,grass,,52,70,E 3
134,NYG,SF,REG,2025,9,2025-11-02,"11/2/25, 13:02:52",2025_09_SF_NYG,MetLife Stadium,outdoors,fieldturf,Fair ,56,47,SW 5
135,SEA,ARI,REG,2025,10,2025-11-09,"11/9/25, 16:06:08",2025_10_ARI_SEA,Lumen Field,outdoors,fieldturf,Cloudy ,59,72,SW 5
136,IND,ATL,REG,2025,10,2025-11-09,"11/9/25, 09:35:07",2025_10_ATL_IND,Lucas Oil Stadium,closed,grass,Cloudy ,46,80,SW 2
137,MIN,BAL,REG,2025,10,2025-11-09,"11/9/25, 13:02:48",2025_10_BAL_MIN,U.S. Bank Stadium,dome,sportturf,,28,58,NE 4
138,MIA,BUF,REG,2025,10,2025-11-09,"11/9/25, 13:02:59",2025_10_BUF_MIA,Hard Rock Stadium,outdoors,grass,Partly Cloudy ,84,68,SE 6
139,NYJ,CLE,REG,2025,10,2025-11-09,"11/9/25, 13:02:34",2025_10_CLE_NYJ,MetLife Stadium,outdoors,fieldturf,"Cloudy, chance of rain, mild ",62,78,SE 12
140,WAS,DET,REG,2025,10,2025-11-09,"11/9/25, 16:25:32",2025_10_DET_WAS,FedExField,outdoors,grass,,65,79,SE 7
141,HOU,JAX,REG,2025,10,2025-11-09,"11/9/25, 13:03:19",2025_10_JAX_HOU,NRG Stadium,closed,astroturf,,69,37,N 7
142,SF,LA,REG,2025,10,2025-11-09,"11/9/25, 16:25:28",2025_10_LA_SF,Levi's Stadium,outdoors,grass,Sunny ,77,49,SE 3
143,DEN,LV,REG,2025,10,2025-11-06,"11/6/25, 20:16:49",2025_10_LV_DEN,Empower Field at Mile High,outdoors,grass,Partly Cloudy ,60,26,W 10
144,TB,NE,REG,2025,10,2025-11-09,"11/9/25, 13:02:15",2025_10_NE_TB,Raymond James Stadium,outdoors,grass,Cloudy ,82,74,S 11
145,CAR,NO,REG,2025,10,2025-11-09,"11/9/25, 13:02:42",2025_10_NO_CAR,Bank of America Stadium,outdoors,grass,Partly Cloudy ,73,52,SW 15
146,CHI,NYG,REG,2025,10,2025-11-09,"11/9/25, 13:03:04",2025_10_NYG_CHI,Soldier Field,outdoors,grass,Light Snow ,33,68,NW 10
147,GB,PHI,REG,2025,10,2025-11-10,"11/10/25, 20:16:23",2025_10_PHI_GB,Lambeau Field,outdoors,grass,Cloudy ,33,55,NW 9
148,LAC,PIT,REG,2025,10,2025-11-09,"11/9/25, 20:24:12",2025_10_PIT_LAC,SoFi Stadium,dome,matrixturf,Clear ,70,71,W 7
149,CLE,BAL,REG,2025,11,2025-11-16,"11/16/25, 16:25:19",2025_11_BAL_CLE,FirstEnergy Stadium,outdoors,grass,Cloudy ,44,53,NW 20
150,ATL,CAR,REG,2025,11,2025-11-16,"11/16/25, 13:03:13",2025_11_CAR_ATL,Mercedes-Benz Stadium,closed,fieldturf,,72,52,SW 10
151,MIN,CHI,REG,2025,11,2025-11-16,"11/16/25, 13:02:48",2025_11_CHI_MIN,U.S. Bank Stadium,dome,sportturf,,44,40,NW 8
152,PIT,CIN,REG,2025,11,2025-11-16,"11/16/25, 13:02:44",2025_11_CIN_PIT,Acrisure Stadium,outdoors,grass,Partly Cloudy ,46,50,NW 17
153,LV,DAL,REG,2025,11,2025-11-17,"11/17/25, 20:16:38",2025_11_DAL_LV,Allegiant Stadium,dome,grass,61 ,60,52,SE 8
154,PHI,DET,REG,2025,11,2025-11-16,"11/16/25, 20:22:47",2025_11_DET_PHI,Lincoln Financial Field,outdoors,grass,Clear ,45,43,NW 15
155,NYG,GB,REG,2025,11,2025-11-16,"11/16/25, 13:02:52",2025_11_GB_NYG,MetLife Stadium,outdoors,fieldturf,Mostly Cloudy ,55,31,W 17
156,TEN,HOU,REG,2025,11,2025-11-16,"11/16/25, 13:02:55",2025_11_HOU_TEN,Nissan Stadium,outdoors,grass,Sunny ,64,26,N 8
157,DEN,KC,REG,2025,11,2025-11-16,"11/16/25, 16:25:20",2025_11_KC_DEN,Empower Field at Mile High,outdoors,grass,Sunny ,70,23,N 6
158,JAX,LAC,REG,2025,11,2025-11-16,"11/16/25, 13:02:46",2025_11_LAC_JAX,TIAA Bank Stadium,outdoors,grass,,74,50,NW 9
159,NE,NYJ,REG,2025,11,2025-11-13,"11/13/25, 20:16:40",2025_11_NYJ_NE,Gillette Stadium,outdoors,fieldturf,Clear ,39,76,SE 9
160,LA,SEA,REG,2025,11,2025-11-16,"11/16/25, 16:05:30",2025_11_SEA_LA,SoFi Stadium,dome,matrixturf,Cloudy ,64,68,S 3
161,ARI,SF,REG,2025,11,2025-11-16,"11/16/25, 16:05:26",2025_11_SF_ARI,State Farm Stadium,closed,grass,Mostly Cloudy ,73,38,SW 10
162,BUF,TB,REG,2025,11,2025-11-16,"11/16/25, 13:02:32",2025_11_TB_BUF,New Era Field,outdoors,a_turf,Cloudy & windy ,38,50,NW 20
163,MIA,WAS,REG,2025,11,2025-11-16,"11/16/25, 09:34:49",2025_11_WAS_MIA,Hard Rock Stadium,outdoors,grass,None ,None,None,NE None
164,NO,ATL,REG,2025,12,2025-11-23,"11/23/25, 16:26:24",2025_12_ATL_NO,Mercedes-Benz Superdome,dome,sportturf,,75,45,NW 6
165,HOU,BUF,REG,2025,12,2025-11-20,"11/20/25, 20:16:04",2025_12_BUF_HOU,NRG Stadium,closed,astroturf,,76,83,S 10
166,SF,CAR,REG,2025,12,2025-11-24,"11/24/25, 20:15:58",2025_12_CAR_SF,Levi's Stadium,outdoors,grass,Sunny ,58,78,SE 3
167,LV,CLE,REG,2025,12,2025-11-23,"11/23/25, 16:05:21",2025_12_CLE_LV,Allegiant Stadium,dome,grass,,66,34,S 3
168,KC,IND,REG,2025,12,2025-11-23,"11/23/25, 13:02:46",2025_12_IND_KC,GEHA Field at Arrowhead Stadium,outdoors,grass,,46,93,SW 5
169,ARI,JAX,REG,2025,12,2025-11-23,"11/23/25, 16:05:54",2025_12_JAX_ARI,State Farm Stadium,closed,grass,None ,None,None,NE None
170,GB,MIN,REG,2025,12,2025-11-23,"11/23/25, 13:02:53",2025_12_MIN_GB,Lambeau Field,outdoors,grass,Cloudy ,43,60,W 10
171,CIN,NE,REG,2025,12,2025-11-23,"11/23/25, 13:02:44",2025_12_NE_CIN,Paycor Stadium,outdoors,fieldturf,Sunny ,54,61,NW 7
172,DET,NYG,REG,2025,12,2025-11-23,"11/23/25, 13:02:39",2025_12_NYG_DET,Ford Field,dome,fieldturf,Controlled Climate ,68,70,
173,BAL,NYJ,REG,2025,12,2025-11-23,"11/23/25, 13:02:37",2025_12_NYJ_BAL,M&T Bank Stadium,outdoors,grass,Cloudy ,54,69,SW 3
174,DAL,PHI,REG,2025,12,2025-11-23,"11/23/25, 16:26:23",2025_12_PHI_DAL,AT&T Stadium,closed,matrixturf,None ,None,None,NE None
175,CHI,PIT,REG,2025,12,2025-11-23,"11/23/25, 13:02:37",2025_12_PIT_CHI,Soldier Field,outdoors,grass,Sunny ,51,58,NW 3
176,TEN,SEA,REG,2025,12,2025-11-23,"11/23/25, 13:03:03",2025_12_SEA_TEN,Nissan Stadium,outdoors,grass,Sunny ,55,64,N 1
177,LA,TB,REG,2025,12,2025-11-23,"11/23/25, 20:23:07",2025_12_TB_LA,SoFi Stadium,dome,matrixturf,Clear ,63,81,S 2
178,TB,ARI,REG,2025,13,2025-11-30,"11/30/25, 13:02:33",2025_13_ARI_TB,Raymond James Stadium,outdoors,grass,Clear ,80,56,E 8
179,NYJ,ATL,REG,2025,13,2025-11-30,"11/30/25, 13:02:40",2025_13_ATL_NYJ,MetLife Stadium,outdoors,fieldturf,Cold misty rain ,43,79,SW 8
180,PIT,BUF,REG,2025,13,2025-11-30,"11/30/25, 16:25:29",2025_13_BUF_PIT,Acrisure Stadium,outdoors,grass,Cloudy ,34,68,W 16
181,PHI,CHI,REG,2025,13,2025-11-28,"11/28/25, 15:02:44",2025_13_CHI_PHI,Lincoln Financial Field,outdoors,grass,Sunny ,42,35,W 18
182,BAL,CIN,REG,2025,13,2025-11-27,"11/27/25, 20:23:10",2025_13_CIN_BAL,M&T Bank Stadium,outdoors,grass,Clear ,38,44,NW 11
183,WAS,DEN,REG,2025,13,2025-11-30,"11/30/25, 20:24:16",2025_13_DEN_WAS,FedExField,outdoors,grass,Clear ,40,77,SW 13
184,DET,GB,REG,2025,13,2025-11-27,"11/27/25, 13:03:14",2025_13_GB_DET,Ford Field,dome,fieldturf,Controlled climate ,68,70,0
185,IND,HOU,REG,2025,13,2025-11-30,"11/30/25, 13:02:29",2025_13_HOU_IND,Lucas Oil Stadium,closed,fieldturf,,27,79,W 5
186,TEN,JAX,REG,2025,13,2025-11-30,"11/30/25, 13:02:32",2025_13_JAX_TEN,Nissan Stadium,outdoors,grass,Cloudy ,38,79,NW 7
187,DAL,KC,REG,2025,13,2025-11-27,"11/27/25, 16:40:44",2025_13_KC_DAL,AT&T Stadium,closed,matrixturf,None ,None,None,NE None
188,CAR,LA,REG,2025,13,2025-11-30,"11/30/25, 13:02:51",2025_13_LA_CAR,Bank of America Stadium,outdoors,grass,Cloudy ,45,57,W 3
189,LAC,LV,REG,2025,13,2025-11-30,"11/30/25, 16:25:32",2025_13_LV_LAC,SoFi Stadium,dome,matrixturf,Cloudy ,64,70,SW 7
190,SEA,MIN,REG,2025,13,2025-11-30,"11/30/25, 16:05:24",2025_13_MIN_SEA,Lumen Field,outdoors,fieldturf,Sunny ,45,75,N 2
191,MIA,NO,REG,2025,13,2025-11-30,"11/30/25, 13:03:04",2025_13_NO_MIA,Hard Rock Stadium,outdoors,grass,Cloudy ,76,87,E 10
192,NE,NYG,REG,2025,13,2025-12-01,"12/1/25, 20:15:45",2025_13_NYG_NE,Gillette Stadium,outdoors,fieldturf,Mostly Clear ,30,60,S 4
193,CLE,SF,REG,2025,13,2025-11-30,"11/30/25, 13:02:18",2025_13_SF_CLE,FirstEnergy Stadium,outdoors,grass,Cloudy ,35,73,SW 20
194,GB,CHI,REG,2025,14,2025-12-07,"12/7/25, 16:25:33",2025_14_CHI_GB,Lambeau Field,outdoors,grass,Sunny ,16,55,W 9
195,BUF,CIN,REG,2025,14,2025-12-07,"12/7/25, 13:02:33",2025_14_CIN_BUF,New Era Field,outdoors,a_turf,Snow ,31,86,W 12
196,DET,DAL,REG,2025,14,2025-12-04,"12/4/25, 20:15:37",2025_14_DAL_DET,Ford Field,dome,fieldturf,68 ,70,Wind,
197,LV,DEN,REG,2025,14,2025-12-07,"12/7/25, 16:05:26",2025_14_DEN_LV,Allegiant Stadium,dome,grass,Sunny ,63,30,SE 2
198,KC,HOU,REG,2025,14,2025-12-07,"12/7/25, 20:22:51",2025_14_HOU_KC,GEHA Field at Arrowhead Stadium,outdoors,grass,,27,80,North 8
199,JAX,IND,REG,2025,14,2025-12-07,"12/7/25, 13:02:33",2025_14_IND_JAX,TIAA Bank Stadium,outdoors,grass,,61,98,NE 7
200,ARI,LA,REG,2025,14,2025-12-07,"12/7/25, 16:25:28",2025_14_LA_ARI,State Farm Stadium,closed,grass,Sunny ,68,30,NE 1
201,NYJ,MIA,REG,2025,14,2025-12-07,"12/7/25, 13:02:49",2025_14_MIA_NYJ,MetLife Stadium,outdoors,fieldturf,Cloudy and Cold ,41,58,SW 6
202,TB,NO,REG,2025,14,2025-12-07,"12/7/25, 13:02:43",2025_14_NO_TB,Raymond James Stadium,outdoors,grass,Cloudy ,73,88,E 6
203,LAC,PHI,REG,2025,14,2025-12-08,"12/8/25, 20:15:32",2025_14_PHI_LAC,SoFi Stadium,dome,matrixturf,Clear ,67,56,NW 7
204,BAL,PIT,REG,2025,14,2025-12-07,"12/7/25, 13:02:49",2025_14_PIT_BAL,M&T Bank Stadium,outdoors,grass,Cloudy ,44,51,SW 6
205,ATL,SEA,REG,2025,14,2025-12-07,"12/7/25, 13:02:15",2025_14_SEA_ATL,Mercedes-Benz Stadium,closed,fieldturf,None ,None,None,NE None
206,CLE,TEN,REG,2025,14,2025-12-07,"12/7/25, 13:02:45",2025_14_TEN_CLE,FirstEnergy Stadium,outdoors,grass,Cloudy ,33,86,W 6
207,MIN,WAS,REG,2025,14,2025-12-07,"12/7/25, 13:02:58",2025_14_WAS_MIN,U.S. Bank Stadium,dome,sportturf,,8,67,N 6
208,HOU,ARI,REG,2025,15,2025-12-14,"12/14/25, 13:02:37",2025_15_ARI_HOU,NRG Stadium,closed,astroturf,,53,73,N 9
209,TB,ATL,REG,2025,15,2025-12-11,"12/11/25, 20:15:47",2025_15_ATL_TB,Raymond James Stadium,outdoors,grass,Clear ,56,68,NW 5
210,CIN,BAL,REG,2025,15,2025-12-14,"12/14/25, 13:02:47",2025_15_BAL_CIN,Paycor Stadium,outdoors,fieldturf,Sunny ,10,63,NW 7
211,NE,BUF,REG,2025,15,2025-12-14,"12/14/25, 13:03:24",2025_15_BUF_NE,Gillette Stadium,outdoors,fieldturf,Snow Flurries ,32,86,SE 6
212,NO,CAR,REG,2025,15,2025-12-14,"12/14/25, 16:25:39",2025_15_CAR_NO,Mercedes-Benz Superdome,dome,sportturf,,51,58,N 17
213,CHI,CLE,REG,2025,15,2025-12-14,"12/14/25, 13:03:31",2025_15_CLE_CHI,Soldier Field,outdoors,grass,Sunny ,8,62,NW 6
214,LA,DET,REG,2025,15,2025-12-14,"12/14/25, 16:25:16",2025_15_DET_LA,SoFi Stadium,dome,matrixturf,Sunny ,65,78,SW 3
215,DEN,GB,REG,2025,15,2025-12-14,"12/14/25, 16:25:19",2025_15_GB_DEN,Empower Field at Mile High,outdoors,grass,Partly Cloudy ,65,16,NW 3
216,SEA,IND,REG,2025,15,2025-12-14,"12/14/25, 16:25:31",2025_15_IND_SEA,Lumen Field,outdoors,fieldturf,Cloudy ,51,87,S 9
217,KC,LAC,REG,2025,15,2025-12-14,"12/14/25, 13:02:30",2025_15_LAC_KC,GEHA Field at Arrowhead Stadium,outdoors,grass,,15,44,N 3
218,PHI,LV,REG,2025,15,2025-12-14,"12/14/25, 13:03:10",2025_15_LV_PHI,Lincoln Financial Field,outdoors,grass,Sunny ,30,56,NW 20
219,PIT,MIA,REG,2025,15,2025-12-15,"12/15/25, 20:15:33",2025_15_MIA_PIT,Acrisure Stadium,outdoors,grass,Cloudy ,17,71,S 7
220,DAL,MIN,REG,2025,15,2025-12-14,"12/14/25, 20:22:58",2025_15_MIN_DAL,AT&T Stadium,closed,matrixturf,None ,None,None,NE None
221,JAX,NYJ,REG,2025,15,2025-12-14,"12/14/25, 13:02:27",2025_15_NYJ_JAX,TIAA Bank Stadium,outdoors,grass,,70,60,NW 11
222,SF,TEN,REG,2025,15,2025-12-14,"12/14/25, 16:25:46",2025_15_TEN_SF,Levi's Stadium,outdoors,grass,Cloudy ,54,82,SE 4
223,NYG,WAS,REG,2025,15,2025-12-14,"12/14/25, 13:02:26",2025_15_WAS_NYG,MetLife Stadium,outdoors,fieldturf,Overcast ,27,69,NW 13
224,ARI,ATL,REG,2025,16,2025-12-21,"12/21/25, 16:05:23",2025_16_ATL_ARI,State Farm Stadium,closed,grass,Sunny ,76,23,NW 1
225,CLE,BUF,REG,2025,16,2025-12-21,"12/21/25, 13:02:21",2025_16_BUF_CLE,FirstEnergy Stadium,outdoors,grass,Sunny ,25,68,NW 16
226,MIA,CIN,REG,2025,16,2025-12-21,"12/21/25, 13:02:42",2025_16_CIN_MIA,Hard Rock Stadium,outdoors,grass,Partly Cloudy ,81,64,E 7
227,CHI,GB,REG,2025,16,2025-12-20,"12/20/25, 20:20:19",2025_16_GB_CHI,Soldier Field,outdoors,grass,Clear ,37,48,SW 6
228,DEN,JAX,REG,2025,16,2025-12-21,"12/21/25, 16:05:16",2025_16_JAX_DEN,Empower Field at Mile High,outdoors,grass,Partly Cloudy ,62,26,NW 3
229,TEN,KC,REG,2025,16,2025-12-21,"12/21/25, 13:02:33",2025_16_KC_TEN,Nissan Stadium,outdoors,grass,Sunny ,51,27,NE 8
230,DAL,LAC,REG,2025,16,2025-12-21,"12/21/25, 13:02:47",2025_16_LAC_DAL,AT&T Stadium,closed,matrixturf,None ,None,None,NE None
231,SEA,LA,REG,2025,16,2025-12-18,"12/18/25, 20:15:57",2025_16_LA_SEA,Lumen Field,outdoors,fieldturf,Rain ,51,91,SW 17
232,HOU,LV,REG,2025,16,2025-12-21,"12/21/25, 16:25:38",2025_16_LV_HOU,NRG Stadium,closed,astroturf,,81,66,W 3
233,NYG,MIN,REG,2025,16,2025-12-21,"12/21/25, 13:02:46",2025_16_MIN_NYG,MetLife Stadium,outdoors,fieldturf,Fair ,46,37,NW 20
234,BAL,NE,REG,2025,16,2025-12-21,"12/21/25, 20:22:25",2025_16_NE_BAL,M&T Bank Stadium,outdoors,grass,Clear ,40,36,NW 2
235,NO,NYJ,REG,2025,16,2025-12-21,"12/21/25, 13:02:18",2025_16_NYJ_NO,Mercedes-Benz Superdome,dome,sportturf,,74,81,SW 4
236,WAS,PHI,REG,2025,16,2025-12-20,"12/20/25, 17:03:00",2025_16_PHI_WAS,FedExField,outdoors,grass,Clear ,42,49,SE 7
237,DET,PIT,REG,2025,16,2025-12-21,"12/21/25, 16:25:44",2025_16_PIT_DET,Ford Field,dome,fieldturf,,68,70,
238,IND,SF,REG,2025,16,2025-12-22,"12/22/25, 20:17:06",2025_16_SF_IND,Lucas Oil Stadium,closed,fieldturf,Cloudy ,46,42,SE 4
239,CAR,TB,REG,2025,16,2025-12-21,"12/21/25, 13:02:51",2025_16_TB_CAR,Bank of America Stadium,outdoors,grass,Partly Cloudy ,61,28,N 8
240,CIN,ARI,REG,2025,17,2025-12-28,"12/28/25, 13:02:25",2025_17_ARI_CIN,Paycor Stadium,outdoors,fieldturf,Overcast ,65,87,SW 9
241,GB,BAL,REG,2025,17,2025-12-27,"12/27/25, 20:10:29",2025_17_BAL_GB,Lambeau Field,outdoors,grass,Cloudy ,36,95,SE 10
242,SF,CHI,REG,2025,17,2025-12-28,"12/28/25, 20:23:26",2025_17_CHI_SF,Levi's Stadium,outdoors,grass,Sunny ,53,65,SE 5
243,WAS,DAL,REG,2025,17,2025-12-25,"12/25/25, 13:03:13",2025_17_DAL_WAS,FedExField,outdoors,grass,Sunny ,50,53,E 7
244,KC,DEN,REG,2025,17,2025-12-25,"12/25/25, 20:16:12",2025_17_DEN_KC,GEHA Field at Arrowhead Stadium,outdoors,grass,,57,99,East 3
245,MIN,DET,REG,2025,17,2025-12-25,"12/25/25, 16:36:55",2025_17_DET_MIN,U.S. Bank Stadium,dome,sportturf,,32,89,SE 11
246,LAC,HOU,REG,2025,17,2025-12-27,"12/27/25, 16:32:44",2025_17_HOU_LAC,SoFi Stadium,dome,matrixturf,Sunny ,61,60,SW 2
247,IND,JAX,REG,2025,17,2025-12-28,"12/28/25, 13:02:36",2025_17_JAX_IND,Lucas Oil Stadium,closed,fieldturf,Cloudy ,64,87,S 3
248,ATL,LA,REG,2025,17,2025-12-29,"12/29/25, 20:15:47",2025_17_LA_ATL,Mercedes-Benz Stadium,closed,fieldturf,None ,None,None,NE None
249,NYJ,NE,REG,2025,17,2025-12-28,"12/28/25, 13:02:28",2025_17_NE_NYJ,MetLife Stadium,outdoors,fieldturf,Cloudy and Cold ,29,81,SW 4
250,TEN,NO,REG,2025,17,2025-12-28,"12/28/25, 13:02:37",2025_17_NO_TEN,Nissan Stadium,outdoors,grass,Cloudy ,71,71,SW 14
251,LV,NYG,REG,2025,17,2025-12-28,"12/28/25, 16:05:28",2025_17_NYG_LV,Allegiant Stadium,dome,grass,,58,24,NE 11
252,BUF,PHI,REG,2025,17,2025-12-28,"12/28/25, 16:25:35",2025_17_PHI_BUF,New Era Field,outdoors,a_turf,Rain ,38,94,S 6
253,CLE,PIT,REG,2025,17,2025-12-28,"12/28/25, 13:02:46",2025_17_PIT_CLE,FirstEnergy Stadium,outdoors,grass,Rain ,45,95,S 14
254,CAR,SEA,REG,2025,17,2025-12-28,"12/28/25, 13:02:26",2025_17_SEA_CAR,Bank of America Stadium,outdoors,grass,Cloudy ,43,94,E 2
255,MIA,TB,REG,2025,17,2025-12-28,"12/28/25, 13:02:30",2025_17_TB_MIA,Hard Rock Stadium,outdoors,grass,Sunny ,80,51,E 3
256,LA,ARI,REG,2025,18,2026-01-04,"1/4/26, 16:25:16",2025_18_ARI_LA,SoFi Stadium,dome,matrixturf,Cloudy ,61,86,SE 4
257,PIT,BAL,REG,2025,18,2026-01-04,"1/4/26, 20:22:59",2025_18_BAL_PIT,Acrisure Stadium,outdoors,grass,Cloudy ,25,81,W 3
258,TB,CAR,REG,2025,18,2026-01-03,"1/3/26, 16:30:59",2025_18_CAR_TB,Raymond James Stadium,outdoors,grass,Rain ,69,85,W 11
259,CIN,CLE,REG,2025,18,2026-01-04,"1/4/26, 13:02:33",2025_18_CLE_CIN,Paycor Stadium,outdoors,fieldturf,Sunny ,37,56,NE 0
260,NYG,DAL,REG,2025,18,2026-01-04,"1/4/26, 13:02:37",2025_18_DAL_NYG,MetLife Stadium,outdoors,fieldturf,Fair ,33,52,NW 7
261,CHI,DET,REG,2025,18,2026-01-04,"1/4/26, 16:25:13",2025_18_DET_CHI,Soldier Field,outdoors,grass,Mostly Cloudy ,33,70,SE 4
262,MIN,GB,REG,2025,18,2026-01-04,"1/4/26, 13:03:02",2025_18_GB_MIN,U.S. Bank Stadium,dome,sportturf,,25,87,SE 13
263,HOU,IND,REG,2025,18,2026-01-04,"1/4/26, 13:02:30",2025_18_IND_HOU,NRG Stadium,closed,astroturf,,61,67,W 6
264,LV,KC,REG,2025,18,2026-01-04,"1/4/26, 16:25:25",2025_18_KC_LV,Allegiant Stadium,dome,grass,,60,55,S 15
265,DEN,LAC,REG,2025,18,2026-01-04,"1/4/26, 16:25:35",2025_18_LAC_DEN,Empower Field at Mile High,outdoors,grass,Sunny ,69,7,SE 16
266,NE,MIA,REG,2025,18,2026-01-04,"1/4/26, 16:25:32",2025_18_MIA_NE,Gillette Stadium,outdoors,fieldturf,Partly Cloudy ,29,56,SE 6
267,ATL,NO,REG,2025,18,2026-01-04,"1/4/26, 13:02:57",2025_18_NO_ATL,Mercedes-Benz Stadium,closed,fieldturf,None ,None,None,NE None
268,BUF,NYJ,REG,2025,18,2026-01-04,"1/4/26, 16:25:26",2025_18_NYJ_BUF,New Era Field,outdoors,a_turf,Cloudy ,27,75,W 13
269,SF,SEA,REG,2025,18,2026-01-03,"1/3/26, 20:08:18",2025_18_SEA_SF,Levi's Stadium,outdoors,grass,Cloudy ,57,81,N 8
270,JAX,TEN,REG,2025,18,2026-01-04,"1/4/26, 13:02:24",2025_18_TEN_JAX,TIAA Bank Stadium,outdoors,grass,,58,76,NE 7
271,PHI,WAS,REG,2025,18,2026-01-04,"1/4/26, 16:25:23",2025_18_WAS_PHI,Lincoln Financial Field,outdoors,grass,Clear ,35,47,NW 9
272,JAX,BUF,POST,2025,19,2026-01-11,"1/11/26, 13:02:34",2025_19_BUF_JAX,TIAA Bank Stadium,outdoors,grass,,62,80,NW 6
273,CHI,GB,POST,2025,19,2026-01-10,"1/10/26, 20:11:30",2025_19_GB_CHI,Soldier Field,outdoors,grass,Mostly Cloudy ,32,80,W 6
274,PIT,HOU,POST,2025,19,2026-01-12,"1/12/26, 20:17:03",2025_19_HOU_PIT,Acrisure Stadium,outdoors,grass,Clear ,32,65,SW 9
275,NE,LAC,POST,2025,19,2026-01-11,"1/11/26, 20:16:31",2025_19_LAC_NE,Gillette Stadium,outdoors,fieldturf,Clear ,35,69,SE 10
276,CAR,LA,POST,2025,19,2026-01-10,"1/10/26, 16:33:54",2025_19_LA_CAR,Bank of America Stadium,outdoors,grass,Mostly Cloudy ,72,61,SW 16
277,PHI,SF,POST,2025,19,2026-01-11,"1/11/26, 16:41:41",2025_19_SF_PHI,Lincoln Financial Field,outdoors,grass,Cloudy ,46,44,NW 22
278,DEN,BUF,POST,2025,20,2026-01-17,"1/17/26, 16:32:52",2025_20_BUF_DEN,Empower Field at Mile High,outdoors,grass,Sunny ,36,21,NE 5
279,NE,HOU,POST,2025,20,2026-01-18,"1/18/26, 15:03:01",2025_20_HOU_NE,Gillette Stadium,outdoors,fieldturf,Wintry Mix ,35,88,S 2
280,CHI,LA,POST,2025,20,2026-01-18,"1/18/26, 18:41:12",2025_20_LA_CHI,Soldier Field,outdoors,grass,Light Snow ,19,65,SW 6
281,SEA,SF,POST,2025,20,2026-01-17,"1/17/26, 20:21:27",2025_20_SF_SEA,Lumen Field,outdoors,fieldturf,Clear ,46,72,N 5
282,SEA,LA,POST,2025,21,2026-01-25,"1/25/26, 18:41:58",2025_21_LA_SEA,Lumen Field,outdoors,fieldturf,Sunny ,41,67,W 2
283,DEN,NE,POST,2025,21,2026-01-25,"1/25/26, 15:03:06",2025_21_NE_DEN,Empower Field at Mile High,outdoors,grass,Cloudy ,26,38,N 10
284,NE,SEA,POST,2025,22,2026-02-08,"2/8/26, 18:40:22",2025_22_SEA_NE,Levi's Stadium,outdoors,grass,,67,50,NW 7
